# The CMU ledger's takes in category "acrobatics" (categories.tsv says why; README.md explains the columns).
id	subject	fps	sec	active	fit	travel	hips	flags	used	note	desc
05_06	5	120	7.4	0.0-6.6	27/358	3.9	91-129	inverted			dance - cartwheel-like start, pirouettes, jete
22_12	22	120	2.5	0.0-2.5	19/72	2.2	70-105				A stumbles into B (2 subjects - subject A)
23_12	23	120	2.5	0.0-2.5	10/56	2.5	96-107				A stumbles into B (2 subjects - subject B)
49_06	49	120	4.0	0.6-4.0	21/146	3.1	85-101	inverted	Cartwheel		cartwheel
49_07	49	120	3.9	0.0-3.9	19/131	3.4	87-105	inverted			cartwheel
49_08	49	120	4.8	0.0-4.8	24/193	4.9	85-105	inverted			cartwheels
49_21	49	120	20.2	0.7-20.2	16/129	6.4	82-105	floats			acrobatics - spin/twirl, hang on ropes
85_05	85	120	13.6	1.3-12.3	20/120	3.6	40-121	inverted		pick: Handstand_Kicks (an acrobat)	HandStandKicks
85_06	85	120	7.9	1.8-7.9	17/100	3.4	19-123	inverted			KickFlip
85_07	85	120	8.0	0.3-6.7	16/113	3.6	26-125	inverted			KickFlipStumble
85_10	85	120	6.4	0.0-5.9	23/172	2.6	35-110	inverted			EndofBreakDance
85_14	85	120	24.7	0.6-23.2	17/112	12.7	30-111	inverted			BreakSequencewithFlips
87_03	87	60	4.1	1.5-3.9	15/144	2.2	77-142	inverted	Backflip		Backflip
87_04	87	60	3.6	1.1-3.6	16/152	1.9	79-144	inverted			backflip
87_05	87	60	8.5	0.0-8.5	25/116	10.0	88-112	inverted		pick: Cartwheels (a second cartwheel)	cartwheels
88_01	88	60	3.4	0.0-2.8	17/91	1.6	67-142	inverted			backflip
88_02	88	60	55.5	1.2-55.5	22/137	25.9	61-203	inverted			backflips, jump onto platform, handstands, vertical pushups
88_04	88	60	20.7	1.8-20.7	19/89	14.4	18-121	inverted			stretches, cartwheels, flips, spin kicks, spins, and fall
88_05	88	60	2.5	0.0-2.3	24/124	4.7	88-163	inverted			cartwheel into backflip
88_07	88	60	2.6	0.0-2.6	25/96	2.7	87-107	inverted			cartwheel
88_08	88	60	4.8	0.8-4.8	25/132	2.7	31-110	inverted			crouch and flip backward on hands
88_09	88	60	6.3	0.6-6.3	22/109	3.7	31-114	inverted			stretch and cartwheel
89_03	89	60	4.5	0.2-4.5	23/106	2.2	85-109	inverted			flip and stand on one hand
89_04	89	60	31.9	0.2-31.9	20/157	15.9	28-128	inverted			spins, flips, stand on one hand
89_05	89	60	74.1	2.2-74.1	23/212	32.4	30-201	inverted			spin upside down, handstand, flips
90_02	90	120	6.5	0.0-6.5	16/90	3.6	89-107	inverted			cartwheel
90_03	90	120	7.4	2.6-5.2	18/106	3.8	90-108	inverted			cartwheel
90_04	90	120	5.8	2.6-5.1	18/95	3.7	91-107	inverted			cartwheel
90_08	90	120	2.8	1.1-2.5	15/91	2.0	80-129	inverted			side flip
90_09	90	120	2.5	0.6-2.4	15/122	1.5	81-150	inverted			Flip forward onto hands and back again
90_14	90	120	7.0	2.1-6.3	16/96	2.9	91-136	inverted floats			front hand flip
90_15	90	120	9.9	3.0-9.9	14/100	2.8	89-126	inverted floats			front hand flip
90_19	90	120	8.7	0.1-7.2	21/198	4.6	33-115	inverted			monkey backflip
90_28	90	120	6.4	1.6-6.4	17/113	3.1	11-98	inverted			breakdance
90_33	90	120	7.5	0.0-7.5	16/96	3.1	8-99	inverted			arm up wide leg roll
90_34	90	120	7.0	1.9-4.7	14/96	2.6	9-109	inverted			wide leg roll
90_35	90	120	5.8	1.5-5.2	15/96	2.8	9-101	inverted			wide leg roll
90_36	90	120	5.5	2.0-5.5	16/132	2.7	10-97	inverted			wide leg roll
91_59	91	120	2.6	0.2-1.9	20/85	0.7	92-130				360 smallStumble
104_13	104	120	4.6	0.0-4.6	19/122	5.3	88-114				StumbleWalk
105_59	105	120	2.6	0.2-1.9	20/85	0.7	92-130				360 smallStumble
111_21	111	120	19.0	0.0-18.6	26/213	1.5	8-22				Roll over
127_23	127	120	2.9	0.0-2.9	21/108	5.3	11-104	inverted			Run Dive Over Roll Run
127_24	127	120	2.8	0.0-2.8	21/95	5.5	12-106	inverted			Run Dive Over Roll Run
128_09	128	120	1.4	0.0-1.4	19/81	4.4	10-101	inverted			Run Roll Underneath
128_10	128	120	3.6	0.0-3.6	19/96	5.6	10-103	inverted	Dive_Roll		Run Dive Over Roll Run
128_11	128	120	3.1	0.0-3.1	23/98	5.2	12-103	inverted			Run Dive Over Roll Run
144_01	144	120	20.5	0.7-20.5	19/124	16.3	88-114	inverted			Cartwheels
144_02	144	120	19.4	1.7-19.4	18/315	12.0	86-118	inverted			Cartwheels001
