# The CMU ledger's takes in category "animal and character" (categories.tsv says why; README.md explains the columns).
id	subject	fps	sec	active	fit	travel	hips	flags	used	note	desc
20_08	20	120	1.8	0.0-1.8	15/63	1.7	101-106				zombie march (2 subjects - subject A)
21_08	21	120	1.8	0.0-1.8	9/41	1.8	102-108				zombie march (2 subjects - subject B)
24_01	24	120	17.3	0.0-17.3	27/194	0.5	107-109				nursery rhyme - "I'm a little teapot..."
25_01	25	120	13.5	1.0-13.5	14/87	0.7	100-105				nursery rhyme - "I'm a little teapot..."
26_03	26	120	18.7	0.0-18.2	13/76	0.8	104-105				nursery rhyme - "I'm a little teapot..."
26_04	26	120	18.0	0.2-18.0	13/77	0.7	104-105				nursery rhyme - "I'm a little teapot..."
27_03	27	120	17.9	0.0-17.0	19/73	0.5	102-104				nursery rhyme - "I'm a little teapot..."
27_07	27	120	14.9	0.0-14.9	18/72	0.6	101-105				nursery rhyme - "I'm a little teapot..."
27_11	27	120	16.1	0.0-16.1	19/131	0.9	104-108	inverted			prairie dog (human subject)
28_02	28	120	17.8	0.5-17.8	13/75	0.8	103-106				nursery rhyme - "I'm a little teapot..."
28_06	28	120	18.4	0.0-18.4	12/73	0.9	103-105				nursery rhyme - "I'm a little teapot..."
28_09	28	120	14.3	0.0-14.3	24/116	2.6	72-106				prairie dog (human subject)
28_11	28	120	55.1	0.0-55.1	33/247	4.8	98-107	loose			bear (human subject)
28_12	28	120	42.9	0.0-42.9	12/85	2.0	104-106				dog (human subject)
28_13	28	120	49.1	0.0-49.1	19/101	4.6	98-107				snake (human subject)
28_14	28	120	31.2	0.0-31.2	20/92	1.2	102-105				chicken (human subject)
28_15	28	120	28.7	0.0-28.7	24/126	3.6	90-105				monkey (human subject)
28_17	28	120	44.5	0.0-44.5	14/71	1.0	105-106				cat (human subject)
28_18	28	120	35.4	0.0-35.4	16/96	3.3	100-105				elephant (human subject)
28_19	28	120	37.7	0.0-37.7	17/97	6.1	100-106				dinosaur (human subject)
29_03	29	120	18.8	1.5-17.5	12/65	0.9	94-104				nursery rhyme - "I'm a little teapot..."
29_08	29	120	19.0	1.6-17.6	15/64	1.0	95-105				nursery rhyme - "I'm a little teapot..."
29_14	29	120	28.1	0.5-28.1	11/64	2.3	94-105				prairie dog (human subject)
29_16	29	120	36.9	0.0-36.7	10/60	3.3	93-105				bear (human subject)
29_17	29	120	35.9	0.2-35.8	12/68	2.7	95-105				dog (human subject)
29_18	29	120	49.7	0.7-49.7	14/97	2.7	99-104				cat (human subject)
29_20	29	120	31.1	0.0-31.1	12/149	4.3	93-105				elephant (human subject)
29_22	29	120	27.2	0.1-27.2	13/70	1.0	93-104		Chicken		chicken (human subject)
29_23	29	120	38.2	0.0-38.2	11/73	4.6	94-106				dinosaur (human subject)
29_24	29	120	35.4	0.4-35.4	12/69	5.5	96-105				snake (human subject)
29_25	29	120	37.0	0.6-37.0	11/120	2.9	94-105				monkey (human subject)
30_02	30	120	19.8	1.2-16.8	13/80	1.0	93-106				nursery rhyme - "I'm a little teapot..."
30_08	30	120	18.3	0.7-17.3	14/86	1.1	94-105				nursery rhyme - "I'm a little teapot..."
30_13	30	120	16.4	0.6-16.4	16/114	0.9	98-105				prairie dog (human subject)
30_15	30	120	26.8	0.0-26.8	17/122	2.5	96-105				bear (human subject)
30_16	30	120	30.2	0.0-30.2	23/137	4.1	85-109				dog (human subject)
30_17	30	120	24.2	0.0-24.1	22/149	1.8	101-105				cat (human subject)
30_18	30	120	29.7	0.0-29.7	21/187	2.5	101-105				elephant (human subject)
30_20	30	120	28.5	0.0-28.5	17/105	1.9	95-105				chicken (human subject)
30_21	30	120	34.0	0.5-34.0	17/110	2.6	100-105				snake (human subject)
30_23	30	120	32.7	0.0-32.7	15/104	2.6	91-105				monkey (human subject)
31_02	31	120	18.9	0.0-18.5	15/58	1.0	86-106				nursery rhyme - "I'm a little teapot..."
31_06	31	120	17.6	0.0-17.6	12/54	0.8	89-106				nursery rhyme - "I'm a little teapot..."
31_11	31	120	32.3	0.0-32.3	15/92	1.5	78-106				prairie dog (human subject)
31_13	31	120	32.4	0.0-32.2	17/114	1.8	77-107				bear (human subject)
31_14	31	120	31.6	0.7-31.6	30/92	0.8	104-106				dog (human subject)
31_15	31	120	30.9	0.0-30.9	14/70	0.8	94-106				cat (human subject)
31_16	31	120	32.6	0.1-32.6	16/94	0.9	99-104				elephant (human subject)
31_19	31	120	33.3	0.0-33.3	18/94	3.1	92-101				chicken (human subject)
31_20	31	120	32.9	0.0-32.8	18/76	0.8	98-106				snake (human subject)
31_21	31	120	34.0	0.0-34.0	14/92	2.6	93-102				monkey (human subject)
32_04	32	120	19.2	1.2-19.2	22/92	1.8	75-106				nursery rhyme - "I'm a little teapot..."
32_08	32	120	18.7	0.0-18.7	20/84	0.9	99-106				nursery rhyme - "I'm a little teapot..."
32_13	32	120	26.9	0.6-26.9	15/128	1.5	89-106				prairie dog (human subject)
32_14	32	120	22.2	0.8-22.2	18/105	1.8	96-105				bear (human subject)
32_15	32	120	30.2	2.1-30.2	15/78	1.4	90-105				dog (human subject)
32_16	32	120	36.6	0.0-36.6	16/111	1.5	95-105				cat (human subject)
32_17	32	120	27.6	1.1-27.6	16/143	2.9	96-105				elephant (human subject)
32_19	32	120	19.3	0.0-19.3	26/122	1.4	94-105				chicken (human subject)
32_21	32	120	17.0	0.0-17.0	23/106	3.3	96-106				snake (human subject)
32_22	32	120	23.7	1.2-23.7	17/103	2.0	87-105				monkey (human subject)
54_01	54	120	16.0	0.0-15.9	17/85	6.0	93-106		Monkey		monkey (human subject)
54_02	54	120	25.1	5.1-24.7	25/176	8.4	88-109		Bear		bear (human subject)
54_03	54	120	23.1	0.0-23.1	14/75	4.3	102-108				penguin (human subject)
54_07	54	120	33.4	0.0-32.9	19/109	7.2	82-106				prairie dog (human subject)
54_10	54	120	39.3	0.2-39.1	19/98	11.4	87-116		Ghost		ghost (human subject)
54_11	54	120	28.4	0.0-28.2	16/90	7.0	96-114				penguin (human subject)
54_12	54	120	19.1	1.5-18.0	17/107	5.5	90-105		Dragon		dragon (human subject)
54_13	54	120	13.6	0.0-11.5	22/109	4.6	100-107				dragon (human subject)
54_14	54	120	13.6	0.1-13.3	25/271	10.1	83-114				monkey (human subject)
54_15	54	120	34.4	0.6-33.3	18/89	9.1	94-111				prairie dog (human subject)
54_16	54	120	34.3	0.0-34.3	15/92	3.0	80-107			pick: Superhero (a hero pose and flight)	superhero
54_19	54	120	40.7	0.0-40.7	18/85	6.2	90-108				squirrel - robotic like motion (human subject)
54_23	54	120	35.8	0.0-35.8	15/89	1.2	100-105				monkey (human subject)
54_24	54	120	22.4	0.9-22.2	25/113	3.1	100-109				hummingbird (human subject)
54_25	54	120	37.8	0.4-37.8	37/149	6.6	78-105	loose			chicken (human subject)
54_26	54	120	16.3	0.0-15.7	17/78	4.8	88-104				chicken (human subject)
54_27	54	120	28.7	0.1-28.7	25/111	1.2	94-106				chicken (human subject)
55_03	55	120	37.7	0.0-37.1	23/127	5.5	100-111				genie (human subject)
55_05	55	120	23.4	0.0-23.4	19/70	3.5	99-114				hummingbird (human subject)
55_06	55	120	77.3	0.0-77.3	20/127	9.0	93-108				chicken (human subject)
55_07	55	120	38.1	0.0-38.1	41/142	12.4	80-115	loose			chicken (human subject)
55_08	55	120	44.5	0.0-44.5	20/140	9.0	72-102				monkey (human subject)
55_09	55	120	35.2	0.0-35.2	27/141	12.9	79-110				monkey (human subject)
55_10	55	120	11.3	0.0-11.3	22/105	1.1	102-105				hummingbird (human subject)
55_11	55	120	36.4	0.0-36.4	17/86	12.7	87-109				animal (human subject)
55_14	55	120	43.3	0.0-43.3	16/85	8.7	84-109				prairie dog (human subject)
55_17	55	120	51.5	0.0-51.5	31/159	12.9	90-111	loose			ghost (human subject)
55_18	55	120	44.9	0.0-44.9	24/101	11.3	98-111				penguin (human subject)
55_19	55	120	39.5	0.0-38.9	31/122	13.0	76-108	loose			dragon (human subject)
55_22	55	120	54.5	0.0-54.5	25/130	24.1	75-109				superhero
55_23	55	120	49.8	0.0-49.8	26/248	12.5	94-110			pick: Devil (a monster to act)	devil
55_24	55	120	79.3	0.0-79.3	39/199	19.4	36-112	loose			various animals (human subject)
55_26	55	120	34.2	0.0-34.2	46/194	10.4	92-107	loose			monkey (human subject)
55_28	55	120	69.2	0.7-69.2	31/210	10.8	84-107	loose			monkey/bear (human subject)
79_45	79	60	14.4	4.3-14.4	17/79	0.8	102-105				bear
79_46	79	60	21.6	1.4-21.5	17/65	1.2	103-106				bear
79_47	79	60	20.6	2.4-20.6	20/92	0.9	98-105				chicken
79_48	79	60	21.0	0.4-20.2	19/89	1.5	102-106				elephant
79_49	79	60	17.3	1.4-16.4	23/83	1.0	94-104				monkey
79_52	79	60	15.0	1.9-14.9	23/71	1.4	102-107				prairie dog
79_53	79	60	12.4	1.3-12.2	19/98	0.5	100-105				dog
79_54	79	60	19.4	0.0-18.1	22/82	0.9	103-106				snake
79_56	79	60	14.3	0.0-14.3	24/94	1.2	97-105				T-rex
79_58	79	60	14.1	0.0-12.8	26/103	0.9	103-106				bird
79_59	79	60	14.2	1.7-13.9	19/79	0.5	103-106				cat
79_60	79	60	13.3	1.4-12.4	18/69	0.6	104-105				chicken
79_62	79	60	14.1	1.0-14.1	18/84	0.7	104-106				chicken
79_63	79	60	18.2	0.6-17.4	19/68	0.9	104-107				tiger
79_64	79	60	18.0	5.1-17.1	19/92	1.3	103-105				penguin
79_65	79	60	10.9	1.1-10.3	20/97	0.6	103-107				horse
79_89	79	60	14.7	0.9-14.7	15/78	0.7	99-104				holding a baby
80_49	80	60	31.1	1.8-30.2	20/74	1.8	102-105				gorilla
80_51	80	60	25.0	0.0-24.7	26/178	0.8	103-104				chicken
80_52	80	60	26.2	0.0-25.6	31/133	0.9	102-105	loose			dog
80_53	80	60	30.1	0.0-29.2	23/190	1.6	102-104				elephant
80_54	80	60	27.1	2.2-27.1	27/151	1.1	103-105				monkey
80_57	80	60	27.0	2.8-26.2	24/124	1.8	97-104	inverted			prairie dog
80_58	80	60	39.2	0.0-39.2	22/108	0.8	102-104				snake
80_59	80	60	25.6	0.0-25.0	24/146	1.8	103-105				panther
80_62	80	60	38.1	1.9-36.9	26/95	1.4	102-105				bird
80_63	80	60	37.9	5.1-37.3	33/192	2.0	97-104	inverted loose			chicken
80_64	80	60	40.6	0.0-40.6	25/196	1.0	102-104				cat
90_20	90	120	14.8	1.4-13.9	18/140	6.8	8-106	inverted			monkey sequence
90_21	90	120	11.3	0.7-10.5	20/140	6.2	11-140	inverted			monkey sequence
91_09	91	120	45.0	1.5-45.0	20/104	11.5	92-105				DrunkWalk
104_41	104	120	13.0	0.8-12.5	19/105	5.2	102-109				ZombieWalk
104_42	104	120	21.8	1.4-21.8	19/108	13.1	101-109				ZombieWalk8
104_43	104	120	28.1	3.0-28.1	18/97	15.7	97-108				ZombieWalkRightAngleTurns
105_09	105	120	45.0	1.5-45.0	20/104	11.5	92-105				DrunkWalk
120_01	120	120	10.2	1.6-10.2	19/86	5.3	85-105				Alien Turn
120_02	120	120	11.9	1.3-11.9	21/124	9.4	58-105		Gorilla_Walk_Loop		Gorilla
120_03	120	120	12.6	1.6-11.8	20/94	4.2	73-103				Mickey cast spell
120_04	120	120	54.2	1.7-52.6	17/115	8.4	67-129				Mickey Conducting
120_08	120	120	10.0	1.0-10.0	15/79	4.6	84-101			pick: Cartoon_Sneak (tiptoe sneak, a cartoon thief)	Mickey sneaky walk
120_09	120	120	10.6	0.7-10.6	20/78	4.8	85-104				Mickey sneaking walk
120_10	120	120	10.2	1.4-10.2	17/89	4.8	85-102				Mickey sneaking walk
120_11	120	120	10.3	0.9-9.9	17/99	5.2	80-100				Mickey sneaking walk
120_12	120	120	8.7	0.0-8.7	18/93	4.9	80-102				Mickey sneaking walk
120_13	120	120	8.3	0.1-8.1	19/90	5.0	79-101				Mickey sneaking walk
120_14	120	120	10.7	0.0-9.6	18/87	5.1	73-102				Mickey sneaking walk
120_15	120	120	12.2	0.0-12.2	17/104	5.4	79-108				Mickey Surprised
120_16	120	120	12.6	1.4-12.6	16/93	6.1	80-116				Mickey Surprised
120_17	120	120	9.6	1.7-9.6	17/104	4.5	84-109				Mickey Walk
120_18	120	120	11.4	1.2-9.6	16/99	4.5	86-110				Mickey Walk
120_21	120	120	25.9	0.0-25.9	14/96	5.3	94-103		Robot		Robot
120_22	120	120	11.0	1.5-11.0	18/101	4.9	94-107		Zombie_Walk_Loop		Zombie
137_01	137	120	18.0	1.4-17.0	16/70	3.8	73-115				Cat Coffee Mug
137_02	137	120	18.1	0.0-18.1	14/92	4.5	71-103	inverted			Cat Pick Up
137_03	137	120	54.5	0.0-54.2	14/98	8.0	91-106				Cat Wait
137_04	137	120	16.1	2.2-15.1	13/91	8.1	97-103				Cat Walk
137_05	137	120	14.7	0.7-14.7	20/97	4.3	91-103				Chicken Coffee Mug
137_06	137	120	13.6	0.6-13.6	17/95	4.6	82-104	inverted			Chicken Pick Up
137_07	137	120	39.8	0.6-39.8	24/104	8.8	86-106	inverted			Chicken Wait
137_08	137	120	16.1	0.8-16.1	26/113	8.9	95-105				Chicken Walk
137_09	137	120	20.6	0.0-20.5	14/59	4.7	85-102				Dinosaur Coffee Mug
137_10	137	120	18.7	1.5-15.4	18/85	3.5	72-100	inverted			Dinosaur Pick Up
137_11	137	120	41.1	3.8-41.1	20/88	9.3	89-102				Dinosaur Wait
137_12	137	120	16.4	0.8-16.4	15/92	8.4	90-103				Dinosaur Walk
137_13	137	120	24.7	1.0-24.7	17/94	6.3	93-106				Drunk Coffee Mug
137_14	137	120	18.9	3.4-18.9	13/93	4.2	94-105	inverted			Drunk Pick Up
137_15	137	120	44.8	0.0-44.8	14/94	8.7	98-108				Drunk Wait
137_16	137	120	12.8	2.1-12.4	14/92	8.3	95-110				Drunk Walk
137_30	137	120	29.3	0.0-29.3	12/94	3.8	89-105				Old Man Coffee Mug
137_31	137	120	28.1	0.7-28.1	12/86	4.4	84-103	inverted			Old Man Pick Up
137_32	137	120	41.8	0.0-41.8	13/64	2.9	90-104				Old Man Wait
137_33	137	120	25.5	0.6-25.5	11/51	8.2	91-101				Old Man Walk
