# The CMU ledger's takes in category "calibration" (categories.tsv says why; README.md explains the columns).
id	subject	fps	sec	active	fit	travel	hips	flags	used	note	desc
62_22	62	60	17.6	1.2-16.9	16/89	1.1	72-108				dynamic calibration
74_13	74	60	42.1	0.0-41.1	18/90	4.6	41-108				Range of motion
78_11	78	120	0.4	0.1-0.4	12/44	0.0	94-95	short			calibration
79_07	79	60	5.5	0.0-5.5	18/72	0.4	101-105				lost marker
79_11	79	60	2.2	2.0-2.2	14/37	0.0	95-95				Subject calibration
79_22	79	60	14.6	1.3-14.6	19/142	2.2	53-107	inverted			range of motion
80_30	80	60	43.2	0.1-42.9	26/161	1.6	49-106				range of motion
85_09	85	120	2.1	1.9-2.1	10/37	0.0	86-87				motorcycle pose
87_02	87	60	5.7	0.0-0.4	15/82	0.1	96-97				T-Pose
88_03	88	60	5.9	0.0-0.3	19/68	0.0	95-96				motorcycle pose
89_02	89	60	3.9	1.3-2.9	15/68	0.1	98-99				motorcycle pose
91_06	91	120	1.1	0.9-1.1	21/56	0.0	97-97				Motorcycle Pose
93_01	93	120	0.2	0.0-0.2	15/38	0.0	93-93	short			Motorcycle Pose
102_09	102	120	0.4	0.1-0.4	12/44	0.0	94-95	short			calibration
105_06	105	120	1.1	0.9-1.1	21/56	0.0	97-97				MotorCyclePose
111_15	111	120	2.2	0.0-2.2	22/55	0.0	94-95				Motorcycle
111_22	111	120	49.3	1.7-48.1	16/163	1.8	103-115				Range of motion
113_11	113	120	2.3	0.0-2.3	29/112	0.0	95-97				Motorcycle
114_01	114	120	2.7	2.5-2.7	9/22	0.0	95-97				Motorcycle
114_03	114	120	31.8	4.2-30.0	12/77	2.0	80-110				Range of motion
118_31	118	120	1.7	1.5-1.7	10/33	0.0	88-88				Motorcycle
118_32	118	120	15.6	2.1-14.2	17/126	1.9	49-111				Range of motion
124_10	124	120	2.1	1.9-2.1	14/49	0.0	90-90				Motorcycle
125_07	125	120	3.0	0.0-2.3	20/50	0.1	90-92				Motorcycle
126_13	126	120	1.0	0.1-1.0	15/40	0.0	86-88	short			Motorcycle
126_14	126	120	56.3	1.3-55.5	18/159	5.2	44-111				Range of Motion
127_01	127	120	2.1	1.9-2.1	12/40	0.0	92-93				Motorcycle
127_02	127	120	14.7	1.0-13.4	16/66	1.8	44-107				Range of Motion
128_01	128	120	2.7	2.5-2.7	17/57	0.0	94-94				Motorcycle
132_38	132	120	1.5	1.3-1.5	13/28	0.0	95-95				Motorcycle
132_51	132	120	1.4	1.2-1.4	13/51	0.0	105-105				Tpose
132_52	132	120	11.1	0.6-10.4	18/97	2.1	48-105				Range of Motion
133_25	133	120	3.4	0.0-1.9	10/52	0.1	93-106				Motorcycle
133_26	133	120	10.3	0.7-10.1	15/93	2.0	51-110				Range of Motion
134_04	134	120	1.6	1.4-1.6	16/52	0.0	99-99				Motorcycle
135_08	135	120	2.4	2.2-2.4	33/77	0.0	70-71	loose			Motorcycle
136_19	136	60	2.9	2.7-2.9	19/49	0.0	88-90				Motorcycle
136_33	136	120	8.2	0.0-8.1	19/109	1.3	82-107				Range of Motion
137_25	137	120	1.3	0.0-0.2	21/53	0.0	87-89				Motorcycle
137_34	137	120	7.5	0.0-6.2	18/112	1.3	97-104				Range of Motion
139_21	139	120	10.9	0.0-10.2	19/114	1.2	40-110				Range Of Motion
140_05	140	120	0.2	0.0-0.2	25/107	0.0	73-73	short			Motorcycle
141_15	141	120	9.7	0.0-9.2	23/173	2.1	62-109				Range of Motion
143_21	143	120	17.9	0.0-17.0	18/130	2.8	38-105				Range Of Motion
144_19	144	120	2.9	0.0-0.8	14/38	0.1	98-99				motorcycle pose
