# The CMU ledger's takes in category "climb" (categories.tsv says why; README.md explains the columns).
id	subject	fps	sec	active	fit	travel	hips	flags	used	note	desc
01_02	1	120	36.2	0.0-36.2	26/212	17.0	100-182				playground - climb
01_03	1	120	37.6	0.0-37.6	21/159	17.0	94-178				playground - climb, hang, swing
01_04	1	120	35.8	0.3-35.8	18/127	16.3	101-161				playground - climb
01_05	1	120	36.5	0.2-36.5	20/122	17.2	44-180				playground - climb, go under
01_06	1	120	42.8	0.0-42.8	22/164	19.0	97-194				playground - climb, sit, dangle legs, descend
01_07	1	120	40.3	0.0-40.3	17/146	18.2	92-186				playground - climb, sit, dangle legs, jump down
01_08	1	120	21.7	0.0-21.7	20/220	7.4	88-179	floats			playground - climb, sit, dangle legs, rock back, lower self to ground
01_09	1	120	35.3	0.0-35.3	22/225	14.2	44-186	floats			playground - climb, hang, hold self up with arms straight, swing, drop, sit, dangle legs, go under
01_10	1	120	27.2	0.0-27.2	22/217	13.9	42-187				playground - climb, swing, lean back, drop
01_11	1	120	38.8	0.0-38.8	24/241	18.1	55-184				playground - climb, hang, lean over, jump down
01_12	1	120	34.2	0.0-34.2	30/222	19.1	78-180	loose			playground - climb, pull up, dangle, sit, lower self to ground
01_13	1	120	28.2	0.0-28.2	23/176	24.6	39-191				playground - climb, go under, jump down
01_14	1	120	19.5	0.0-19.5	34/211	13.4	50-185	loose			playground - climb, jump down, dangle, legs push off against
13_33	13	120	12.5	0.0-12.5	18/165	2.2	99-191	floats	Climb_Ladder		climb ladder
13_34	13	120	11.8	0.0-11.8	20/185	2.4	101-189	floats			climb ladder
13_35	13	120	10.0	0.0-10.0	13/108	3.0	97-164	floats			climb 3 steps
13_36	13	120	11.5	0.0-11.5	14/108	3.2	101-165	floats			climb 3 steps
13_37	13	120	12.3	0.0-12.3	14/105	3.5	95-165	floats			climb 3 steps
13_38	13	120	10.4	0.0-10.4	14/107	3.3	100-165	floats			climb 3 steps
14_21	14	120	10.1	0.6-10.0	17/94	2.6	103-171	floats			climb 3 steps
14_22	14	120	10.1	0.0-10.1	17/92	3.1	102-170				climb 3 steps
14_23	14	120	11.0	0.1-11.0	17/87	2.9	102-170				climb 3 steps
14_29	14	120	21.0	0.0-21.0	16/75	5.0	89-107				sit on stepstool, stand up, swing legs
14_33	14	120	11.6	0.7-11.6	17/91	2.2	103-195				climb ladder
14_34	14	120	11.9	0.6-11.9	19/108	2.6	102-194				climb ladder
14_35	14	120	13.4	0.3-13.4	18/91	2.8	102-196				climb ladder
15_02	15	120	183.0	0.0-183.0	23/100	92.1	52-142				climb, step over, sit on, stand on stepstool
18_12	18	120	10.4	0.1-10.4	15/115	0.5	58-61				friends meet, hang out; A sits, B joins A (2 subjects - subject A)
19_12	19	120	10.4	0.0-10.4	12/77	3.2	56-108				friends meet, hang out; A sits, B joins A (2 subjects - subject B)
22_08	22	120	1.9	0.0-1.9	17/74	2.0	97-104				hold hands, swing arms, walk (2 subjects - subject A)
23_08	23	120	1.9	0.0-1.9	13/65	2.1	101-107				hold hands, swing arms, walk (2 subjects - subject B)
40_06	40	120	54.9	0.5-54.9	16/157	24.7	46-140				climb, step over, sit on, jump over stepstool
40_07	40	120	57.3	0.9-57.3	14/92	26.6	80-139				climb, step over, jump over stepstool
40_08	40	120	58.0	0.8-58.0	14/97	24.1	84-140				climb, step over, jump over stepstool
40_09	40	120	43.1	0.0-43.1	14/97	17.9	80-139				climb, step over, jump over stepstool
41_07	41	120	62.8	0.0-62.8	16/83	31.4	83-144				climb, step over, jump over, navigate around stepstool
41_08	41	120	66.2	0.5-66.2	17/84	29.9	86-144				climb, step over, jump over, navigate around stepstool
41_09	41	120	64.3	0.0-64.3	18/78	32.5	82-144				climb, step over, jump over, navigate around stepstool
43_02	43	120	7.5	0.0-7.5	31/173	8.9	93-137	loose			playground - grip bar, swing body
43_03	43	120	7.0	0.0-7.0	31/158	9.8	86-132	floats loose			playground - grip bar, swing body
79_20	79	60	12.4	1.7-12.2	15/57	0.2	105-105			pick: Hammer_Picture (a carpenter)	hanging a picture
80_07	80	60	26.0	2.2-25.0	21/162	1.4	99-105				hanging picture
81_12	81	120	4.2	0.4-4.2	15/82	1.8	82-178				jump backwards off ledge
81_13	81	120	5.4	0.2-5.2	13/80	1.7	81-174				jump backwards off ledge
81_14	81	120	17.4	0.0-17.4	13/69	3.2	82-177	floats			climb backwards off ledge
81_15	81	120	16.9	0.0-16.9	14/84	3.0	92-175	floats			climb backwards off ledge
82_02	82	120	15.1	1.9-15.1	15/83	4.5	85-185	floats			Jump off ledge
82_03	82	120	15.8	0.3-15.8	23/285	4.6	65-184	floats			Jump off ledge
82_04	82	120	7.6	0.9-7.4	18/95	3.4	62-221				Jump off ledge
83_02	83	120	3.0	0.0-2.9	27/77	0.5	104-121				sidestep to the right and up a ledge
83_03	83	120	5.6	0.0-5.1	27/77	0.9	97-121				large step to a short ledge
86_13	86	120	51.8	0.0-51.8	21/117	15.6	101-166				walking around, walk up ladder, step down ladder
143_37	143	120	4.6	0.1-4.6	15/92	1.7	100-170				Climb Up And Down Ladder
