# The CMU ledger's takes in category "exercise" (categories.tsv says why; README.md explains the columns).
id	subject	fps	sec	active	fit	travel	hips	flags	used	note	desc
12_04	12	120	148.3	0.0-148.3	34/195	14.2	82-104	loose			tai chi
42_01	42	60	18.9	1.3-18.9	31/138	1.7	103-107	loose			stretch - rotate head, shoulders, arms, legs
49_18	49	120	9.2	0.0-8.7	13/70	0.2	101-105				balance on one leg, outstretched arms
49_19	49	120	8.0	0.5-7.3	18/60	0.2	100-105				balance on one leg, outstretched arms
49_20	49	120	7.5	0.0-4.8	17/69	0.2	97-105				balance on one leg, outstretched arms
77_21	77	60	21.8	0.0-20.8	18/116	1.2	40-110				stretching
83_22	83	120	44.8	3.0-44.6	26/91	4.6	44-108				stretching
86_11	86	120	47.3	0.0-47.3	22/122	15.1	103-107				walking, stretching, walking and turning
88_10	88	60	7.8	0.2-6.9	20/97	1.7	94-113				stretch and spin
89_01	89	60	38.2	0.3-38.2	22/103	6.6	45-104				balance object on forehead
89_06	89	60	68.3	0.0-68.3	16/94	17.9	67-172	inverted floats			balance beam
111_38	111	120	22.0	0.0-22.0	32/281	3.1	44-102	inverted loose			Yoga
111_39	111	120	34.1	0.0-34.1	21/110	2.0	86-111				Yoga
111_40	111	120	2.6	0.0-2.6	16/85	0.4	90-101				Yoga
111_41	111	120	30.8	0.0-30.8	29/161	2.9	41-98	inverted			Yoga
113_28	113	120	42.9	0.6-42.9	49/245	4.5	37-102	inverted loose			Yoga
113_29	113	120	36.0	0.5-36.0	28/127	2.7	89-110	inverted			Yoga
114_10	114	120	67.1	1.3-67.1	15/126	4.7	92-106				Stretching
114_12	114	120	9.3	0.0-7.3	13/80	0.3	104-105				Stretching
132_01	132	120	11.8	0.8-11.8	14/78	3.6	103-105				Walk With Arms Out, balancing
132_02	132	120	9.5	0.3-9.5	15/79	3.6	100-104				Walk With Arms Out, balancing
132_03	132	120	12.3	0.0-12.3	16/63	4.0	99-104				Walk With Arms Out, balancing
132_04	132	120	11.2	0.8-11.2	14/82	3.6	100-104				Walk With Arms Out, balancing
132_05	132	120	11.0	0.0-11.0	18/85	4.0	98-104				Walk With Arms Out, balancing
132_06	132	120	11.1	0.7-11.1	18/105	3.9	100-105				Walk With Arms Out, balancing
132_07	132	120	7.5	0.0-7.5	17/68	3.4	101-106				Walk With Arms Out, balancing
132_08	132	120	12.1	0.0-11.9	16/74	4.1	101-106				Walk With Arms Out, balancing
132_09	132	120	9.8	0.0-9.8	18/91	4.2	101-105				Walk With Arms Out, balancing
132_10	132	120	13.5	0.0-13.5	17/72	4.1	102-106				Walk With Arms Out, balancing
132_11	132	120	13.4	0.0-13.4	16/72	4.0	103-106				Walk With Arms Out, balancing
132_12	132	120	13.2	0.0-13.2	17/94	4.0	102-106				Walk With Arms Out, balancing
133_08	133	120	10.3	0.5-10.3	18/95	3.5	102-107				Stretch Walk
133_09	133	120	14.4	0.1-14.4	16/89	5.9	87-105				Stretch Walk
133_10	133	120	11.0	0.3-11.0	16/120	3.7	102-109				Stretch Walk
144_11	144	120	28.6	0.7-27.6	12/70	10.3	59-103			pick: Lunges (a fighter warming up)	Left_Lunges
144_12	144	120	27.7	0.8-26.7	12/70	10.3	61-103				Left_Lunges001
144_17	144	120	23.5	0.8-22.3	11/85	9.0	56-103				Lunges
144_18	144	120	25.8	1.3-24.8	12/80	10.4	59-103				Lunges001
