# The CMU ledger's takes in category "gesture and talk" (categories.tsv says why; README.md explains the columns).
id	subject	fps	sec	active	fit	travel	hips	flags	used	note	desc
13_14	13	120	20.2	0.0-20.2	12/179	7.9	85-106				laugh
13_15	13	120	19.8	0.0-19.8	13/114	7.4	92-105				laugh
13_16	13	120	19.0	0.0-19.0	12/121	6.6	93-110				laugh
13_26	13	120	25.2	0.0-25.2	12/122	6.7	94-103			pick: Direct_Traffic (a guard at a gate)	direct traffic, wave
13_27	13	120	34.7	0.0-34.7	13/107	9.2	89-104				direct traffic, wave, point
13_28	13	120	34.3	0.0-34.3	12/114	8.9	95-105				direct traffic, wave, point
14_17	14	120	20.8	0.1-20.8	18/103	7.9	97-106				laugh
14_18	14	120	26.5	0.0-26.5	18/93	9.7	97-106				laugh
14_19	14	120	22.7	0.2-22.7	18/98	8.6	98-106	inverted			laugh
14_24	14	120	30.8	0.5-30.8	17/95	5.7	102-105				direct traffic, wave, point
14_25	14	120	37.0	0.4-37.0	16/113	9.4	98-105				direct traffic, wave, point
14_26	14	120	39.3	0.0-39.3	17/116	11.0	101-106				direct traffic, wave, point
15_08	15	120	32.2	0.0-32.2	21/135	1.4	103-106				hand signals - horizontally revolve forearms
15_11	15	120	78.3	0.0-76.7	22/130	3.3	104-106				wash windows, paint figure eights; hand signals
18_01	18	120	2.5	0.0-2.5	14/65	1.1	106-107				walk, shake hands (2 subjects - subject A)
18_02	18	120	2.5	0.0-2.5	12/60	1.1	105-108				walk, shake hands (2 subjects - subject A)
18_08	18	120	17.4	0.0-17.4	13/72	0.9	106-108				conversation - explain with hand gestures (2 subjects - subject A)
18_09	18	120	1.9	0.0-1.9	12/81	1.7	104-108				conversation - explain with hand gestures, walk (2 subjects - subject A)
18_10	18	120	15.0	0.0-15.0	17/77	5.7	98-106				quarrel - angry hand gestures (2 subjects - subject A)
18_11	18	120	15.9	0.6-15.9	19/137	6.3	97-107				quarrel - angry hand gestures (2 subjects - subject A)
19_01	19	120	2.5	0.0-2.5	11/54	1.4	102-107				walk, shake hands (2 subjects - subject B)
19_02	19	120	2.5	0.0-2.5	10/49	1.4	103-107				walk, shake hands (2 subjects - subject B)
19_08	19	120	17.4	0.0-17.4	12/75	1.4	104-107				conversation - explain with hand gestures (2 subjects - subject B)
19_09	19	120	1.9	0.0-1.9	14/55	1.7	106-109				conversation - explain with hand gestures, walk (2 subjects - subject B)
19_10	19	120	15.0	0.0-15.0	11/118	6.2	100-109				quarrel - angry hand gestures (2 subjects - subject B)
19_11	19	120	15.9	0.0-15.9	11/60	7.4	93-107				quarrel - angry hand gestures (2 subjects - subject B)
20_09	20	120	5.4	0.0-5.4	20/101	6.0	85-113				nursery rhyme - ring around the rosey (2 subjects - subject A)
21_09	21	120	5.4	0.0-5.4	14/87	7.1	85-112				nursery rhyme - ring around the rosey (2 subjects - subject B)
26_07	26	120	64.6	0.0-64.6	14/91	2.7	103-105				nursery rhyme - Cock Robin
26_08	26	120	63.9	0.1-63.9	14/90	2.5	104-105				nursery rhyme - Cock Robin
27_05	27	120	64.3	0.0-61.0	18/124	5.3	90-104				nursery rhyme - Cock Robin
27_10	27	120	65.0	0.0-63.2	17/129	4.5	96-104				nursery rhyme - Cock Robin
28_04	28	120	65.8	0.0-65.1	14/98	4.8	98-106	inverted			nursery rhyme - Cock Robin
28_08	28	120	66.2	0.2-66.2	15/113	4.1	104-106				nursery rhyme - Cock Robin
29_06	29	120	67.0	0.0-67.0	11/89	5.1	91-105				nursery rhyme - Cock Robin
29_10	29	120	66.3	0.0-66.3	11/89	3.8	94-105				nursery rhyme - Cock Robin
30_05	30	120	8.0	0.0-7.8	16/108	0.6	97-106				nursery rhyme - Cock Robin
30_06	30	120	67.0	0.7-67.0	17/266	7.6	89-105				nursery rhyme - Cock Robin
30_10	30	120	66.4	0.0-65.7	16/246	6.0	92-106				nursery rhyme - Cock Robin
31_04	31	120	59.9	0.0-59.9	29/217	6.1	69-106	inverted			nursery rhyme - Cock Robin
31_08	31	120	65.5	0.0-65.5	13/140	4.5	82-106				nursery rhyme - Cock Robin
32_06	32	120	65.4	0.6-65.4	23/115	6.0	86-106				nursery rhyme - Cock Robin
32_10	32	120	66.2	0.4-66.2	21/109	4.3	86-106				nursery rhyme - Cock Robin
56_02	56	120	28.5	0.0-28.5	14/55	1.9	99-105				vignettes - fists up, wipe window, yawn, stretch, angrily grab, smash against wall
79_06	79	60	9.8	2.2-8.9	16/60	0.2	104-105				hand shake
79_69	79	60	13.6	1.5-12.4	14/71	1.0	95-105				very happy
79_70	79	60	12.7	1.2-12.2	14/91	1.1	98-105				laughing
79_71	79	60	18.0	1.1-17.0	15/75	0.9	102-105				sad
79_72	79	60	15.9	0.0-15.9	17/68	0.7	102-105				crying
79_73	79	60	14.8	0.7-14.2	15/81	0.9	102-105				scared
79_74	79	60	15.4	2.4-15.2	15/150	1.2	99-105				upset
80_01	80	60	14.1	0.0-14.1	18/138	0.3	102-103		Shake_Hands		shaking hands
80_14	80	60	28.9	0.0-28.6	19/75	1.2	103-104				teaching
80_41	80	60	17.7	0.0-17.7	20/119	0.5	102-104				freezing
80_42	80	60	20.6	0.0-20.6	23/104	0.6	103-105				freezing
80_43	80	60	16.3	0.0-15.6	21/214	0.9	98-108				happy
80_44	80	60	15.5	1.1-14.8	19/144	1.4	101-105				laughing
80_45	80	60	26.7	0.0-26.5	20/135	0.4	102-103				crying
80_46	80	60	26.5	0.0-26.5	22/145	0.8	102-104				crying
80_73	80	60	13.2	0.7-12.4	18/76	1.0	102-104				shaking hands
82_10	82	120	4.7	0.6-4.7	20/95	3.2	101-105				sad walk forward
82_12	82	120	3.3	0.0-3.3	16/79	4.4	99-105				happy or fast walk forward
91_32	91	120	31.0	0.0-31.0	18/115	9.7	98-104				ScaredWalk
104_11	104	120	4.5	0.0-4.5	18/86	5.6	91-117				HappyGoLuckWalk
104_14	104	120	5.9	2.1-5.9	16/78	4.8	91-119				HappyStartWalk
105_32	105	120	31.0	0.0-31.0	18/115	9.7	98-104				ScaredWalk
111_02	111	120	3.5	0.3-3.5	17/97	0.3	104-107	inverted			Bow
111_04	111	120	6.1	0.0-6.1	15/99	1.0	93-105				Curtsey
111_16	111	120	3.6	0.0-3.6	26/94	0.1	105-106				Peekaboo
111_25	111	120	2.4	0.0-2.4	20/89	0.1	105-106				Shrug
111_32	111	120	6.2	0.0-5.5	23/95	0.1	105-106				Stretch and yawn
111_37	111	120	2.7	0.0-2.7	17/84	0.0	106-106				Wave
113_02	113	120	4.4	0.0-3.9	17/130	0.3	102-107	inverted			Bow
113_03	113	120	4.0	0.0-3.7	16/74	0.5	79-104				Curtsey
113_12	113	120	3.3	0.0-3.3	21/83	0.1	105-106				Peekaboo
113_16	113	120	5.8	0.6-5.8	17/117	0.1	105-106				Shrug
113_23	113	120	8.4	0.2-8.4	23/83	0.2	105-106				Stretch and yawn
113_27	113	120	3.0	0.2-2.8	15/55	0.1	106-106				Wave
138_11	138	120	3.7	0.0-3.7	14/114	3.6	101-107				Story
138_12	138	120	2.7	0.0-2.7	15/105	2.6	102-107				Story
138_13	138	120	3.6	0.0-3.6	12/64	3.7	101-107				Story
138_14	138	120	3.5	0.0-3.5	13/77	3.7	101-107				Story
138_15	138	120	3.4	0.0-3.4	15/119	3.5	102-110				Story
138_16	138	120	3.6	0.0-3.6	14/110	3.6	102-108				Story
138_17	138	120	3.7	0.0-3.7	14/116	3.7	102-107				Story
138_18	138	120	3.2	0.0-3.2	14/101	3.3	103-107				Story
138_19	138	120	3.8	0.0-3.8	13/112	3.6	103-107				Story
138_20	138	120	3.7	0.0-3.7	12/112	3.4	103-107				Story
138_21	138	120	3.3	0.0-3.3	14/119	3.2	103-107				Story
138_22	138	120	3.2	0.0-3.2	13/115	3.3	102-107				Story
138_23	138	120	3.8	0.0-3.8	12/102	3.6	102-107				Story
138_24	138	120	4.2	0.0-4.2	20/164	3.5	102-108				Story
138_25	138	120	3.0	0.0-3.0	15/115	3.2	88-106				Story
138_26	138	120	7.9	0.0-7.7	16/147	5.4	103-108				Story
138_27	138	120	7.8	0.8-7.3	16/113	5.5	97-108				Story
138_28	138	120	8.0	0.5-7.2	18/121	5.6	102-115				Story
138_29	138	120	6.8	0.0-6.0	16/102	5.3	102-108				Story
138_30	138	120	9.0	0.0-7.7	15/369	6.0	78-107				Story
138_31	138	120	6.6	0.0-6.0	148/449	5.1	103-107	loose			Story
138_32	138	120	7.6	0.4-7.4	15/103	5.4	97-107				Story
138_33	138	120	8.7	0.1-6.6	13/116	5.3	102-107				Story
138_34	138	120	7.7	0.0-6.7	13/107	5.3	102-107				Story
138_35	138	120	7.6	0.0-6.9	14/95	5.3	102-107				Story
138_36	138	120	9.0	0.0-8.0	14/108	5.4	102-109				Story
138_37	138	120	6.7	0.0-5.9	16/108	5.3	100-106				Story
138_38	138	120	8.0	0.4-6.8	15/110	5.3	103-106				Story
138_39	138	120	7.3	0.4-6.6	15/121	5.2	101-107				Story
138_40	138	120	6.8	0.2-6.1	15/113	5.3	100-107				Story
138_41	138	120	6.5	0.2-6.1	19/174	5.1	86-107				Story
138_42	138	120	7.7	0.2-6.3	19/147	5.5	89-107	inverted			Story
138_43	138	120	6.2	0.2-6.0	16/123	5.2	97-107				Story
138_44	138	120	8.4	0.1-8.4	14/112	6.8	101-110				Story
138_45	138	120	5.5	0.0-5.4	14/103	5.4	100-107				Story
138_46	138	120	2.6	0.2-2.6	20/160	2.6	90-105				Story
138_47	138	120	5.7	0.0-5.7	15/114	5.2	97-107				Story
138_48	138	120	5.2	0.0-5.2	22/206	4.6	93-107				Story
138_49	138	120	5.2	0.0-5.1	15/140	5.3	99-107				Story
138_50	138	120	6.5	0.0-6.2	15/103	5.5	101-107				Story
138_51	138	120	5.9	0.0-5.7	13/111	5.2	103-108				Story
138_52	138	120	7.2	0.5-6.9	14/105	5.4	101-107				Story
138_53	138	120	6.3	0.0-6.3	15/115	5.6	98-107				Story
138_54	138	120	6.5	0.4-6.3	17/180	8.7	0-107				Story
138_55	138	120	3.3	0.0-3.3	15/113	3.3	103-107				Story
141_13	141	120	3.1	0.0-3.1	13/50	0.5	103-109		Stretch_Yawn		Stretch and Yawn
141_16	141	120	2.5	0.0-2.3	13/60	0.6	101-104		Wave_Hello		Wave Hello
141_18	141	120	3.2	0.0-3.2	15/53	1.0	102-104				Peek a Boo
141_21	141	120	2.3	0.3-1.7	11/57	0.1	102-105		Shrug		Shrug
141_22	141	120	1.6	0.0-1.6	15/61	3.1	99-105			pick: High_Five (a party member)	High Five
141_23	141	120	2.1	0.0-2.1	15/57	2.5	98-104				Shake Hands
141_24	141	120	2.2	0.0-2.2	16/69	4.1	97-105				Around the world High Five Low
141_26	141	120	3.3	0.0-3.3	18/92	3.3	67-106		Curtsey		Curtsey
142_08	142	120	25.3	2.0-23.7	12/70	20.1	97-107				Happy
142_15	142	120	44.8	1.8-44.8	13/72	20.6	103-106				Sad
142_16	142	120	48.5	1.6-48.5	17/121	22.6	60-112				Scared
142_17	142	120	36.9	2.7-36.9	16/105	20.9	86-105				Scared
143_25	143	120	5.5	0.2-5.0	8/46	0.2	100-102				Waving
143_30	143	120	3.1	0.0-3.1	12/62	0.4	99-102				Stretch And Yawn
143_33	143	120	3.0	0.3-3.0	10/41	0.1	99-102				Peek A Boo
