# The CMU ledger's takes in category "idle" (categories.tsv says why; README.md explains the columns).
id	subject	fps	sec	active	fit	travel	hips	flags	used	note	desc
40_10	40	120	51.8	1.3-51.8	13/97	12.8	100-103				wait for bus
40_11	40	120	50.2	0.0-50.2	13/99	12.9	100-104				wait for bus
77_02	77	60	15.6	0.0-15.6	17/72	1.3	104-106				standing
111_28	111	120	15.9	2.8-14.3	23/127	0.7	103-106				Standing still
113_21	113	120	11.4	0.0-11.4	15/87	1.0	101-105				Standing Still
137_19	137	120	44.3	0.7-44.3	20/94	9.7	98-106				Gangly Teen Wait
137_23	137	120	37.9	0.6-37.9	14/95	5.2	99-105				Graceful Lady Wait
137_28	137	120	31.0	0.9-30.6	14/99	5.8	102-108				Normal Wait
137_37	137	120	42.6	0.0-42.6	18/98	5.8	99-107				Sexy Lady Wait
137_41	137	120	43.3	0.7-43.3	20/98	2.6	102-106				Strong Man Wait
139_02	139	120	7.8	0.0-7.8	17/73	1.2	104-106				Shifting Weight
140_06	140	120	29.7	0.0-29.7	16/66	4.6	82-103			pick: Idle_Shift (a long idle)	Idle
140_07	140	120	10.3	0.0-10.3	16/85	1.2	89-92				Idle
141_20	141	120	6.4	0.0-6.4	17/121	3.4	100-105		Waiting_Loop		Waiting
