# The CMU ledger's takes in category "jump" (categories.tsv says why; README.md explains the columns).
id	subject	fps	sec	active	fit	travel	hips	flags	used	note	desc
01_01	1	120	22.9	0.1-22.9	19/96	11.2	84-133				playground - forward jumps, turn around
02_04	2	120	4.0	0.0-3.0	15/84	0.7	76-153				jump, balance
13_10	13	120	20.0	0.0-20.0	24/139	5.4	96-117				jump up to grab, reach for, tiptoe
13_11	13	120	3.5	0.7-3.2	16/113	1.5	81-128				forward jump
13_12	13	120	28.6	0.0-28.6	19/124	6.6	94-118				jump up to grab, reach for, tiptoe
13_13	13	120	3.7	0.5-3.1	19/155	1.5	77-147				forward jump
13_19	13	120	3.5	1.0-3.3	18/113	1.7	75-137				forward jump
13_29	13	120	38.3	0.0-37.8	17/103	5.3	40-114		Jumping_Jacks_Loop		jumping jacks, side twists, bend over, squats
13_30	13	120	20.5	0.0-20.5	17/135	3.6	47-111				jumping jacks, side twists, squats, jog
13_31	13	120	25.1	0.0-25.1	17/277	4.0	87-110				jumping jacks, side twists, bend over, jog
13_32	13	120	2.8	0.5-2.5	17/95	1.5	83-131				forward jump
13_39	13	120	2.9	0.0-2.2	18/111	0.3	73-143				jump
13_40	13	120	2.7	0.5-2.4	19/111	0.3	78-142				jump
13_41	13	120	3.1	0.6-2.6	18/94	0.5	68-155				jump
13_42	13	120	3.3	0.4-2.7	18/107	0.5	66-155				jump
14_06	14	120	44.6	0.2-44.6	22/133	5.0	41-115				jumping jacks, jog, squats, side twists, stretches
14_07	14	120	18.5	0.0-18.5	26/129	6.4	94-125				jump up to grab, reach for, tiptoe
14_08	14	120	21.9	0.5-21.9	28/229	5.2	93-127				jump up to grab, reach for, tiptoe
14_09	14	120	27.4	0.3-27.4	26/163	8.0	90-133				jump up to grab, reach for, tiptoe
14_14	14	120	38.8	0.2-38.8	20/117	4.3	40-116				jumping jacks, jog, squats, side twists, stretches
14_20	14	120	38.7	0.0-38.7	22/132	5.6	88-116	inverted			jumping jacks, side twists, reach up, bend over
16_01	16	120	2.7	0.2-2.0	19/93	0.2	87-134				jump
16_02	16	120	3.9	1.1-2.9	17/58	0.3	85-139				jump
16_03	16	120	3.4	0.7-2.7	20/85	0.6	81-160				high jump
16_04	16	120	3.2	0.5-2.8	21/83	0.5	84-160				high jump
16_05	16	120	2.5	0.4-2.1	18/61	1.2	92-136				forward jump
16_06	16	120	3.4	1.2-3.0	19/72	1.4	92-131				forward jump
16_07	16	120	3.5	0.6-3.2	22/106	1.4	90-151				forward jump
16_09	16	120	4.1	1.5-4.1	20/101	2.6	89-136				forward jump
16_10	16	120	3.8	1.5-3.8	19/81	2.2	87-146				forward jump
22_15	22	120	4.1	0.3-2.4	18/62	0.3	81-116				alternating jumping jacks (2 subjects - subject A)
22_16	22	120	3.6	0.0-3.6	17/61	0.7	81-115				synchronized jumping jacks (2 subjects - subject A)
23_15	23	120	4.1	0.0-4.1	12/72	0.7	84-122				alternating jumping jacks (2 subjects - subject B)
23_16	23	120	3.6	0.0-3.6	12/48	0.7	86-119				synchronized jumping jacks (2 subjects - subject B)
33_02	33	60	21.4	0.0-21.4	20/143	16.7	93-112				football - throw, catch, jump around (2 subjects - subject A)
34_02	34	60	21.4	0.0-21.4	24/156	10.3	89-108				football - throw, catch, jump around (2 subjects - subject B)
36_37	36	120	36.1	0.7-36.1	15/110	14.4	87-163				jump/hop on uneven terrain
49_02	49	120	17.4	0.7-17.4	20/215	4.3	51-141				jump up and down, hop on one foot
49_03	49	120	12.5	0.5-12.5	16/64	2.9	82-132				jump up and down, hop on one foot
49_04	49	120	2.1	0.0-2.1	14/49	5.0	87-134				run, leap
49_05	49	120	1.4	0.0-1.4	16/66	4.0	81-140				run, leap
56_07	56	120	78.5	0.0-78.5	14/79	60.5	85-139				vignettes - yawn, stretch, walk, run/jog, angrily grab, jump, skip, halt
56_08	56	120	34.8	2.4-34.8	15/75	24.2	88-126				vignettes - lift open window, smash against wall, hop, walk, run/jog, yawn, stretch
75_01	75	60	6.3	0.0-3.2	16/65	3.5	86-126				run jump
75_02	75	60	4.0	0.0-2.6	18/68	3.8	80-134				run jump
75_03	75	60	3.4	0.3-2.6	17/69	3.6	82-143				run jump
75_06	75	60	12.1	1.9-11.7	17/63	1.2	87-132				180 jump
75_07	75	60	18.6	2.8-17.2	17/80	4.0	84-149				angle jumps
75_08	75	60	18.6	4.0-17.2	17/75	5.1	85-148				360 jumps
75_09	75	60	6.2	2.1-6.2	17/61	1.7	86-146				360 jump
75_10	75	60	4.6	1.8-4.0	17/62	3.3	86-135				2 jump
75_11	75	60	2.9	0.8-2.9	16/59	3.2	84-135				2 jump
75_12	75	60	7.7	0.0-7.7	19/80	5.6	81-133	inverted			box jump
75_13	75	60	6.2	0.2-5.2	17/71	2.5	90-122				hopscotch
75_14	75	60	7.4	0.9-6.7	18/92	3.1	91-126				hopscotch
75_15	75	60	29.1	1.4-29.1	16/110	14.7	70-128				long jumps
83_40	83	120	4.4	0.0-4.0	27/81	0.6	94-121				hop forward
83_41	83	120	3.9	1.4-3.7	23/62	0.6	92-125				hop forward
83_42	83	120	4.5	0.0-3.8	23/68	1.1	85-128				long jump forward
83_43	83	120	5.0	1.8-4.2	22/72	1.8	74-132				long jump forward
83_45	83	120	4.1	0.0-3.7	23/76	0.6	83-152				hop forward
83_46	83	120	4.2	1.3-3.6	22/66	1.1	79-153				medium hop forward
83_47	83	120	5.2	1.5-4.2	19/74	2.0	59-150				long jump forward
83_48	83	120	3.7	0.0-3.3	23/61	0.5	95-121				short hop forward
83_49	83	120	3.8	1.5-3.3	25/91	1.1	86-124				medium hop forward
83_50	83	120	4.4	1.7-3.9	20/66	1.8	58-128				long jump forward
83_51	83	120	4.9	0.0-4.0	23/66	0.3	93-132				hop turn 90 degrees left in air
83_52	83	120	4.2	1.9-3.7	21/77	0.3	82-149				hop turn 90 degrees left in air
83_53	83	120	4.5	1.7-4.0	20/68	0.4	74-163				hop turn 90 degrees left in air
83_54	83	120	3.5	0.0-3.5	21/60	0.3	85-136				hop turn 180 degrees left in air
83_56	83	120	4.2	1.5-3.3	21/54	0.3	80-151				hop turn left 180 degrees in air
83_57	83	120	3.4	0.8-3.0	18/70	0.5	73-165				hop turn left 180 degrees in air
83_58	83	120	3.0	0.6-2.2	20/60	0.4	85-136				hop turn left 270 degrees in air
83_59	83	120	5.0	2.3-4.8	22/64	0.6	81-154				hop turn left 270 degrees in air
83_60	83	120	3.4	0.3-3.4	19/82	0.6	78-162				hop turn left 270 degrees in air
83_61	83	120	4.2	1.2-3.2	18/55	0.8	85-149				hop turn 360 degrees left in air
83_62	83	120	3.9	1.0-3.5	20/65	0.8	77-162				hop turn left 360 degrees in air
83_64	83	120	4.8	2.0-4.2	20/95	0.8	76-155				hop and turn right 360 degrees in air
83_65	83	120	3.3	0.7-3.3	19/65	0.8	77-150				hop and turn right 360 degrees in air
85_01	85	120	8.3	1.9-7.9	17/79	4.7	71-148	inverted	Jump_Twist		JumpTwist
85_02	85	120	6.7	1.5-6.4	17/99	3.7	45-148	inverted			JumpTwist
86_07	86	120	72.5	0.0-72.5	22/101	32.5	70-130				walking, swinging arms, stretching, jumping on one leg, and jumping
88_11	88	60	33.8	0.0-33.8	20/200	6.6	40-137	inverted			stretches and jumps
91_39	91	120	3.7	0.4-3.1	28/139	1.4	79-139				JumpForward
91_40	91	120	3.9	0.4-3.9	37/176	1.7	68-133	loose			JumpForward
91_41	91	120	4.2	0.5-4.2	37/200	2.0	43-125	loose			JumpForward
91_42	91	120	4.7	0.6-4.0	35/180	2.0	79-129	loose			JumpForward
91_43	91	120	1.9	0.2-1.8	21/80	0.6	90-132				JumpSmallForward
91_44	91	120	2.8	0.0-2.5	20/80	0.4	93-123				JumpSmallForward
91_45	91	120	3.1	0.3-3.1	31/158	1.1	75-142	loose			JumpForward
91_46	91	120	2.7	0.8-2.4	21/76	0.7	86-138				Jump Turn
91_47	91	120	3.9	0.3-3.2	25/139	1.0	80-142				Jump Turn
91_48	91	120	3.7	1.2-2.8	19/77	0.7	88-126				JumpTurn
91_49	91	120	4.0	0.5-3.9	21/116	0.8	86-140				Jump Turn
91_50	91	120	5.5	1.0-5.4	32/202	1.5	73-138	loose			JumpTurn
91_51	91	120	4.0	0.2-2.7	24/146	1.3	86-138				FurtherJumpTurn
91_52	91	120	4.2	0.0-4.1	16/75	0.3	90-124				SmallJumpTurn
91_53	91	120	4.6	2.2-4.5	18/72	0.4	92-130				180 degree jump
105_39	105	120	3.7	0.4-3.1	28/139	1.4	79-139				JumpForward
105_40	105	120	3.9	0.4-3.9	37/176	1.7	68-133	loose			JumpForward
105_41	105	120	4.2	0.5-4.2	37/200	2.0	43-125	loose			JumpForward
105_42	105	120	4.7	0.6-4.0	35/180	2.0	79-129	loose			JumpForward
105_43	105	120	1.9	0.2-1.8	21/80	0.6	90-132				JumpSmallForward
105_44	105	120	2.8	0.0-2.5	20/80	0.4	93-123				JumpSmallForward
105_45	105	120	3.1	0.3-3.1	31/158	1.1	75-142	loose			JumpForward
105_46	105	120	2.7	0.8-2.4	21/76	0.7	86-138				Jump Turn
105_47	105	120	3.9	0.3-3.2	25/139	1.0	80-142				Jump Turn
105_48	105	120	3.7	1.2-2.8	19/77	0.7	88-126				JumpTurn
105_49	105	120	4.0	0.5-3.9	21/116	0.8	86-140				Jump Turn
105_50	105	120	5.5	1.0-5.4	32/202	1.5	73-138	loose			JumpTurn
105_51	105	120	4.0	0.2-2.7	24/146	1.3	86-138				FurtherJumpTurn
105_52	105	120	4.2	0.0-4.1	16/75	0.3	90-124				SmallJumpTurn
118_01	118	120	5.9	0.8-5.1	14/84	0.9	83-135				Jump
118_02	118	120	5.7	0.6-4.0	17/142	0.9	70-152				Jump
118_03	118	120	4.1	0.7-2.9	11/82	0.6	87-122				Jump
118_04	118	120	5.4	1.1-3.8	14/114	0.7	72-129				Jump
118_05	118	120	5.9	0.7-5.1	16/146	0.9	66-147				Jump
118_06	118	120	4.5	0.2-2.5	13/74	0.8	94-124				Jump
118_07	118	120	5.8	1.6-3.8	13/81	0.8	92-129				Jump
118_08	118	120	5.4	1.4-3.5	15/79	1.0	91-133				Jump
118_09	118	120	4.0	0.0-2.3	15/104	0.9	76-131				Jump
118_10	118	120	4.4	0.5-2.4	14/73	0.9	89-125				Jump
118_11	118	120	5.8	1.1-3.6	16/85	1.0	81-144				Jump
118_12	118	120	5.9	1.7-3.8	15/66	1.2	92-128				Jump
118_13	118	120	5.7	1.7-3.9	15/78	1.1	92-134				Jump
118_14	118	120	6.4	1.7-4.8	14/91	1.1	91-146				Jump
118_15	118	120	5.3	1.6-3.8	15/92	1.2	84-128				Jump
118_16	118	120	5.5	1.8-4.4	15/89	1.2	84-132				Jump
118_17	118	120	5.4	1.3-3.6	16/134	1.4	76-150				Jump
118_18	118	120	4.9	1.1-3.2	14/82	1.4	90-118				Jump
118_19	118	120	5.1	2.0-3.8	14/80	1.2	90-121				Jump
118_20	118	120	4.6	1.1-3.1	16/91	1.4	89-141				Jump
118_21	118	120	6.3	2.2-4.3	17/118	1.6	81-129				Jump
118_22	118	120	5.4	1.2-3.4	16/109	1.5	81-133				Jump
118_23	118	120	5.4	0.8-3.2	15/131	1.6	83-148				Jump
118_24	118	120	5.9	2.0-4.7	15/81	1.7	92-120				Jump
118_25	118	120	4.9	1.0-3.2	15/82	1.6	89-131				Jump
118_26	118	120	5.4	1.9-3.6	16/82	1.6	88-141				Jump
118_27	118	120	5.4	0.8-3.0	14/140	1.8	83-121				Jump
118_28	118	120	5.8	1.6-4.2	18/85	1.7	85-129				Jump
118_29	118	120	4.9	1.0-3.3	18/122	1.9	82-137				Jump
118_30	118	120	6.9	0.0-6.9	13/74	0.9	91-115				Jump
124_05	124	120	6.6	0.4-6.6	16/99	2.5	88-140				Basketball Jump Shot
124_11	124	120	8.3	1.0-7.5	17/85	4.8	77-128				2 Foot Jump
127_21	127	120	3.0	0.0-3.0	18/82	5.5	84-130				Run Jump Stop Run
127_22	127	120	3.0	0.0-3.0	19/84	5.8	80-135				Run Jump Stop Run
127_25	127	120	1.9	0.0-1.9	19/101	5.4	84-149		Run_Jump_Over		Run Jump Over
127_26	127	120	2.0	0.0-2.0	19/90	5.7	83-150				Run Jump Over
127_27	127	120	2.1	0.0-2.1	20/85	5.5	87-134				Run Jump Over
127_28	127	120	1.8	0.0-1.8	19/104	5.2	86-139				Run Jump Over
131_03	131	120	9.2	0.7-8.8	12/126	4.7	88-122				Start Hop Stop
131_04	131	120	9.0	0.4-8.1	13/86	4.7	86-133				Start Hop Stop
131_07	131	120	5.8	0.3-5.3	12/73	3.2	84-155				Jump Stop
131_08	131	120	6.5	0.0-6.1	13/91	4.7	87-154				Jump Stop
132_23	132	120	6.2	2.1-6.1	18/80	4.0	92-114		Hop_One_Foot_Loop		Hop on left foot
132_24	132	120	6.2	1.9-6.0	19/81	3.8	91-115				Hop on left foot
132_25	132	120	4.6	1.0-4.4	20/97	3.6	92-112				Hop on left foot
132_26	132	120	5.3	1.2-5.0	22/73	3.8	93-114				Hop on left foot
132_27	132	120	6.1	1.2-5.9	20/71	4.0	94-114				Hop on left foot
132_28	132	120	6.0	1.0-5.2	20/85	4.1	92-115				Hop on left foot
133_03	133	120	10.5	0.0-10.5	13/79	5.1	91-134				Walk Jump
133_04	133	120	6.5	0.8-6.5	13/75	4.4	90-129				Walk Jump
133_05	133	120	8.1	0.7-8.1	13/79	4.7	88-133				Walk Jump
133_06	133	120	7.3	0.8-7.3	13/86	4.7	90-134				Walk Jump
133_07	133	120	8.2	0.9-7.4	13/84	4.5	87-144				Walk Jump
134_05	134	120	2.7	0.0-2.7	17/83	4.4	81-120				Pump Jump
141_04	141	120	4.6	0.2-4.6	17/96	4.3	91-123				Jump Distances
141_05	141	120	1.9	0.3-1.8	15/79	1.3	91-122				Jump Sideways
141_06	141	120	5.4	0.4-5.4	15/129	1.5	92-126				Jump Twist
142_20	142	120	12.8	0.1-12.1	15/127	12.3	92-140				Singing in the rain jump
142_21	142	120	11.8	0.0-10.9	16/122	11.5	92-140				Singing in the rain jump
143_05	143	120	2.8	0.6-2.6	12/58	4.0	82-128				Jumping Distances
143_06	143	120	3.3	0.5-2.6	12/43	0.7	87-150				Jumping Heights
143_07	143	120	4.6	0.5-4.6	12/52	7.9	84-119				Jumping Sideways
143_08	143	120	3.2	0.3-2.6	11/48	1.4	85-134				Jumping Twists
143_09	143	120	4.5	0.4-4.5	11/61	2.9	83-136				Jumping Twists
143_31	143	120	3.5	0.4-3.3	11/52	2.9	91-110				Hopscotch
