# The CMU ledger's takes in category "locomotion" (categories.tsv says why; README.md explains the columns).
id	subject	fps	sec	active	fit	travel	hips	flags	used	note	desc
02_01	2	120	2.9	0.0-2.9	10/87	3.4	97-104		Walk_Loop		walk
02_02	2	120	2.5	0.0-2.5	12/99	4.0	93-103				walk
02_03	2	120	1.4	0.0-1.4	13/75	3.7	94-109				run/jog
03_01	3	120	3.6	0.0-3.6	13/89	2.3	95-126				walk on uneven terrain
03_02	3	120	3.0	0.0-3.0	14/86	2.5	96-121				walk on uneven terrain
03_03	3	120	38.0	0.0-38.0	17/203	24.7	86-121				walk on uneven terrain
03_04	3	120	39.3	0.0-39.3	17/195	26.3	86-117				walk on uneven terrain
05_01	5	120	5.0	0.0-5.0	11/78	4.4	99-106				walk
06_01	6	120	4.1	0.0-4.1	22/74	4.3	101-106				walk
07_01	7	120	2.6	0.0-2.6	17/81	3.6	97-108				walk
07_02	7	120	2.7	0.0-2.7	18/83	3.6	96-107				walk
07_03	7	120	3.5	0.0-3.5	18/69	3.5	99-108				walk
07_04	7	120	3.7	0.0-3.7	19/76	3.5	98-109				slow walk
07_05	7	120	4.3	0.0-4.3	18/83	4.2	96-107				slow walk
07_06	7	120	3.5	0.0-3.5	17/94	4.3	97-107				walk
07_07	7	120	3.2	0.0-3.2	18/74	4.2	94-106				walk
07_08	7	120	3.0	0.0-3.0	18/96	4.1	94-108				walk
07_09	7	120	2.5	0.0-2.5	17/71	3.8	96-107				walk
07_10	7	120	2.5	0.0-2.5	19/71	4.0	94-107				walk
07_11	7	120	2.6	0.0-2.6	19/81	4.4	93-107				walk
07_12	7	120	2.2	0.0-2.2	17/81	6.3	0-106				brisk walk
08_01	8	120	2.3	0.0-2.3	13/91	3.7	95-105				walk
08_02	8	120	2.6	0.0-2.6	12/92	4.0	97-107				walk
08_03	8	120	2.9	0.0-2.9	12/87	4.5	96-107				walk
08_04	8	120	4.0	0.0-4.0	11/84	4.2	96-107				slow walk
08_05	8	120	2.5	0.0-2.5	12/95	4.0	93-106				walk/stride
08_06	8	120	2.5	0.0-2.5	12/98	4.3	95-107				walk
08_07	8	120	2.5	0.0-2.5	14/77	4.3	85-105				walk, exaggerated stride
08_08	8	120	2.4	0.0-2.4	12/87	4.1	93-106				walk
08_09	8	120	2.4	0.0-2.4	12/96	4.2	97-108				walk
08_10	8	120	2.3	0.0-2.3	16/104	3.7	96-107				walk
08_11	8	120	3.1	0.0-3.1	12/77	3.8	93-106				slow walk/stride
09_01	9	120	1.2	0.0-1.2	15/59	4.4	100-111		Run_Loop		run
09_02	9	120	1.1	0.0-1.1	15/41	3.8	99-108				run
09_03	9	120	1.1	0.0-1.1	14/53	3.7	99-109				run
09_04	9	120	1.1	0.0-1.1	16/63	4.1	100-109				run
09_05	9	120	1.2	0.0-1.2	15/51	4.1	99-110				run
09_06	9	120	1.2	0.0-1.2	15/66	4.2	100-110				run
09_07	9	120	1.1	0.0-1.1	16/54	3.9	99-109				run
09_08	9	120	1.1	0.0-1.1	16/48	3.7	100-109				run
09_09	9	120	1.3	0.0-1.3	16/57	4.4	98-110				run
09_10	9	120	1.1	0.0-1.1	15/51	5.4	0-110				run
09_11	9	120	1.4	0.0-1.4	15/50	4.8	98-110				run
09_12	9	120	16.0	0.0-16.0	13/99	15.6	99-106				navigate - walk forward, backward, sideways
10_04	10	120	4.6	0.5-4.6	24/113	4.1	102-108				walk
12_01	12	120	4.4	0.0-4.4	22/69	3.9	100-104				walk
12_02	12	120	5.6	0.0-5.6	22/82	4.6	100-105				walk
12_03	12	120	4.7	0.0-4.7	22/67	4.0	100-105				walk
15_01	15	120	46.0	0.0-46.0	21/100	33.9	97-103				walk/wander
15_03	15	120	104.6	0.0-104.6	21/98	70.1	99-104				walk/wander
15_09	15	120	65.6	0.0-65.6	22/108	43.5	99-104				walk/wander
15_14	15	120	75.0	0.0-75.0	21/103	52.0	97-103				walk/wander
16_08	16	120	2.0	0.0-1.5	18/77	3.1	94-106				run/jog, sudden stop
16_11	16	120	4.4	0.0-4.4	18/109	4.2	102-106				walk, veer left
16_12	16	120	3.7	0.0-3.7	18/97	3.8	103-106				walk, veer left
16_13	16	120	3.7	0.0-3.7	17/94	3.8	102-106				walk, veer right
16_14	16	120	4.0	0.0-4.0	18/96	3.6	102-107				walk, veer right
16_15	16	120	3.9	0.0-3.9	17/90	4.3	101-106				walk
16_16	16	120	4.2	0.0-4.2	18/94	4.3	102-106				walk
16_17	16	120	4.3	0.0-4.3	18/111	3.8	102-106				walk, 90-degree left turn
16_18	16	120	4.3	0.0-4.3	18/95	4.0	103-106				walk, 90-degree left turn
16_19	16	120	3.4	0.0-3.4	17/92	3.0	103-107				walk, 90-degree right turn
16_20	16	120	4.2	0.0-4.2	18/94	3.9	102-106				walk, 90-degree right turn
16_21	16	120	2.6	0.0-2.6	17/95	4.4	99-105				walk
16_22	16	120	2.6	0.0-2.6	19/120	4.2	99-105				walk
16_23	16	120	2.5	0.0-2.5	18/89	4.1	100-104				walk, veer left
16_24	16	120	2.5	0.0-2.5	20/96	4.0	100-105				walk, veer left
16_25	16	120	2.4	0.0-2.4	18/89	3.8	101-104				walk, veer right
16_26	16	120	2.2	0.0-2.2	19/85	3.7	100-104				walk, veer right
16_27	16	120	2.0	0.0-2.0	19/103	3.2	97-105				walk, 90-degree left turn
16_28	16	120	2.3	0.0-2.3	19/99	3.5	97-105				walk, 90-degree left turn
16_29	16	120	2.3	0.0-2.3	18/88	3.4	98-104				walk, 90-degree right turn
16_30	16	120	2.2	0.0-2.2	20/90	3.5	100-105				walk, 90-degree right turn
16_31	16	120	3.5	0.3-3.5	18/100	3.4	101-106				walk
16_32	16	120	4.8	0.0-4.8	20/96	4.5	101-106				walk
16_33	16	120	2.4	0.0-2.3	17/89	1.7	102-107				slow walk, stop
16_34	16	120	2.9	0.0-2.7	17/131	2.1	102-106				slow walk, stop
16_35	16	120	1.3	0.0-1.3	18/73	3.7	97-110				run/jog
16_36	16	120	1.6	0.0-1.6	18/74	4.2	99-111				run/jog
16_37	16	120	1.5	0.0-1.5	17/73	3.7	98-110				run/jog, veer left
16_38	16	120	1.4	0.0-1.4	20/67	3.7	99-110				run/jog, veer left
16_39	16	120	1.2	0.0-1.2	19/73	3.4	96-107				run/jog, veer right
16_40	16	120	1.6	0.0-1.6	16/54	3.8	95-108				run/jog, veer right
16_41	16	120	1.3	0.0-1.3	19/72	2.9	90-106				run/jog, 90-degree left turn
16_42	16	120	1.7	0.0-1.7	20/75	3.5	91-109				run/jog, 90-degree left turn
16_43	16	120	1.7	0.0-1.7	16/67	4.0	89-105				run/jog, 90-degree right turn
16_44	16	120	1.8	0.0-1.8	17/63	3.7	93-108				run/jog, 90-degree right turn
16_45	16	120	1.1	0.0-1.1	18/63	4.4	98-107				run/jog
16_46	16	120	1.1	0.0-1.1	18/103	4.7	98-107				run/jog
16_47	16	120	3.5	0.0-3.5	17/101	4.6	102-107				walk
16_48	16	120	1.1	0.0-1.1	21/94	4.2	95-104				run, veer left
16_49	16	120	1.1	0.0-1.1	15/61	4.2	94-103				run, veer right
16_50	16	120	1.1	0.0-1.1	16/61	4.0	96-102				run, veer right
16_51	16	120	1.5	0.0-1.5	20/82	4.0	91-102				run, 90-degree left turn
16_52	16	120	1.4	0.0-1.4	22/78	3.7	90-102				run, 90-degree left turn
16_53	16	120	1.2	0.0-1.2	16/61	3.3	92-102				run, 90-degree right turn
16_54	16	120	1.1	0.0-1.1	15/56	3.1	89-101				run, 90-degree right turn
16_55	16	120	1.5	0.0-1.5	18/99	4.5	93-102				run
16_56	16	120	1.4	0.0-1.4	19/82	4.1	94-105				run/jog
16_57	16	120	2.2	0.0-1.7	16/93	2.9	95-105				run/jog, sudden stop
16_58	16	120	2.8	0.0-2.8	18/88	3.7	101-106				walk
17_01	17	120	52.5	0.0-52.5	18/102	34.6	93-119				walk with anger, frustration
17_02	17	120	53.0	0.0-53.0	22/161	32.3	96-117				walk with anger, frustration
17_03	17	120	52.9	0.0-52.9	21/94	22.9	79-101				walk stealthily
17_04	17	120	53.2	0.0-53.2	20/97	22.2	80-100				walk stealthily
17_05	17	120	52.8	0.0-52.8	19/102	28.6	96-106				walk/hobble
17_06	17	120	51.7	0.0-51.7	18/101	32.5	96-107				whistle, walk jauntily
17_07	17	120	53.5	0.0-53.5	18/102	32.3	95-108				whistle, walk jauntily
17_08	17	120	51.5	0.0-51.5	20/84	27.3	95-106				muscular, heavyset person's walk
17_09	17	120	50.7	0.0-50.7	19/112	28.1	97-108				muscular, heavyset person's walk
18_07	18	120	2.4	0.0-2.4	19/81	2.2	95-102				navigate busy sidewalk; A leads the way, takes B by the arm (2 subjects - subject A)
18_13	18	120	3.9	0.0-3.6	20/118	3.1	49-104				run, scramble for last seat (2 subjects - subject A)
18_14	18	120	2.8	0.0-2.5	22/165	0.9	58-100				run, scramble for last seat (2 subjects - subject A)
19_07	19	120	2.4	0.0-2.4	11/50	2.6	98-104				navigate busy sidewalk; A leads the way, takes B by the arm (2 subjects - subject B)
19_13	19	120	3.9	0.0-3.5	20/80	2.4	57-95				run, scramble for last seat (2 subjects - subject B)
19_14	19	120	2.8	0.0-2.8	33/290	2.0	69-105	loose			run, scramble for last seat (2 subjects - subject B)
20_02	20	120	1.9	0.0-1.9	13/70	2.3	103-108				link arms, walk (2 subjects - subject A)
20_03	20	120	2.3	0.0-2.3	17/76	2.4	102-109				link arms, walk (2 subjects - subject A)
20_04	20	120	2.1	0.0-2.1	16/73	2.2	102-108				synchronized walk (2 subjects - subject A)
20_05	20	120	1.9	0.0-1.9	16/71	2.3	101-107				synchronized walk (2 subjects - subject A)
20_06	20	120	2.4	0.0-2.4	17/75	2.4	102-108				soldiers march (2 subjects - subject A)
20_07	20	120	2.0	0.0-2.0	15/70	2.2	101-107				soldiers march (2 subjects - subject A)
20_10	20	120	4.3	0.0-4.3	21/102	8.8	0-107				360-degree two-person whip (2 subjects - subject A)
20_11	20	120	1.9	0.0-1.9	17/79	1.8	103-108				high-five, walk (2 subjects - subject A)
20_12	20	120	2.0	0.0-2.0	15/72	2.3	103-109				low-five, walk (2 subjects - subject A)
21_02	21	120	1.9	0.0-1.9	11/49	2.3	102-106				link arms, walk (2 subjects - subject B)
21_03	21	120	2.3	0.0-2.3	12/50	2.5	102-107				link arms, walk (2 subjects - subject B)
21_04	21	120	2.1	0.0-2.1	11/48	2.2	103-107				synchronized walk (2 subjects - subject B)
21_05	21	120	1.9	0.0-1.9	12/50	2.4	102-107				synchronized walk (2 subjects - subject B)
21_06	21	120	2.4	0.0-2.4	11/45	2.4	101-108				soldiers march (2 subjects - subject B)
21_07	21	120	2.0	0.0-2.0	10/61	2.3	101-107				soldiers march (2 subjects - subject B)
21_10	21	120	4.3	0.0-4.3	12/48	6.0	96-104				360-degree two-person whip (2 subjects - subject B)
21_11	21	120	1.9	0.0-1.9	11/49	1.9	100-105				high-five, walk (2 subjects - subject B)
21_12	21	120	2.0	0.0-2.0	12/48	2.5	102-107				low-five, walk (2 subjects - subject B)
26_01	26	120	6.9	0.0-6.9	11/48	4.1	100-104				walk
27_01	27	120	8.6	0.0-8.6	13/79	3.9	101-104				walk
29_01	29	120	11.0	0.6-11.0	9/37	4.7	101-103				walk
32_01	32	120	4.0	0.0-4.0	15/79	2.5	101-104				walk
32_02	32	120	3.6	0.1-3.6	16/78	2.6	100-103				walk
35_01	35	120	3.0	0.0-3.0	17/94	3.8	99-103				walk
35_02	35	120	3.4	0.0-3.4	17/94	4.2	100-104				walk
35_03	35	120	3.6	0.0-3.6	17/97	4.5	99-103				walk
35_04	35	120	3.6	0.0-3.6	18/97	4.4	99-104				walk
35_05	35	120	3.6	0.0-3.6	17/89	4.4	100-104				walk
35_06	35	120	3.6	0.0-3.6	17/97	4.4	99-103				walk
35_07	35	120	3.0	0.0-3.0	17/103	3.8	100-103				walk
35_08	35	120	3.8	0.0-3.8	18/99	4.6	100-104				walk
35_09	35	120	3.2	0.0-3.2	18/95	3.9	100-104				walk
35_10	35	120	3.6	0.0-3.6	17/91	4.3	100-104				walk
35_11	35	120	3.2	0.0-3.2	18/100	3.8	100-103				walk
35_12	35	120	3.3	0.0-3.3	19/97	3.9	100-103				walk
35_13	35	120	3.8	0.0-3.8	18/105	4.5	100-104				walk
35_14	35	120	3.4	0.0-3.4	17/97	4.2	100-104				walk
35_15	35	120	3.4	0.0-3.4	17/99	4.1	100-103				walk
35_16	35	120	3.7	0.0-3.7	17/99	4.4	100-104				walk
35_17	35	120	1.4	0.0-1.4	18/73	4.4	95-106				run/jog
35_18	35	120	1.5	0.0-1.5	17/67	4.6	95-105				run/jog
35_19	35	120	1.3	0.0-1.3	18/72	4.4	96-106				run/jog
35_20	35	120	1.4	0.0-1.4	18/61	4.6	96-106				run/jog
35_21	35	120	1.3	0.0-1.3	20/73	4.8	95-108				run/jog
35_22	35	120	1.4	0.0-1.4	18/77	4.6	95-107				run/jog
35_23	35	120	1.3	0.0-1.3	19/81	4.5	97-108				run/jog
35_24	35	120	1.2	0.0-1.2	18/69	4.3	96-106				run/jog
35_25	35	120	1.4	0.0-1.4	19/61	4.6	96-107				run/jog
35_26	35	120	1.1	0.0-1.1	19/75	4.0	98-107				run/jog
35_27	35	120	81.7	0.0-81.7	16/102	37.8	86-105				navigate around obstacles
35_28	35	120	3.5	0.0-3.5	16/98	4.1	101-104				walk
35_29	35	120	4.1	0.0-4.1	15/95	4.5	101-104				walk
35_30	35	120	3.4	0.0-3.4	17/102	4.1	100-103				walk
35_31	35	120	3.5	0.0-3.5	16/106	4.2	100-104				walk
35_32	35	120	3.3	0.0-3.3	17/97	4.1	99-103				walk
35_33	35	120	3.5	0.0-3.5	17/97	4.5	98-103				walk
35_34	35	120	3.5	0.0-3.5	17/93	4.4	99-104				walk
36_01	36	120	4.6	0.0-4.6	17/100	4.0	99-137				walk on uneven terrain
36_02	36	120	35.6	0.0-35.6	15/105	15.8	99-105				walk forward, turn around, walk back
36_03	36	120	32.1	0.0-32.1	15/102	13.5	99-104				walk forward, turn around, walk back
36_04	36	120	31.0	0.0-31.0	15/103	11.1	96-142				walk on uneven terrain
36_05	36	120	35.0	0.4-35.0	15/107	13.9	99-143				walk on uneven terrain
36_06	36	120	32.5	0.0-32.5	15/103	13.3	100-143				walk on uneven terrain
36_07	36	120	31.4	0.0-31.4	15/102	13.1	101-141				walk on uneven terrain
36_08	36	120	30.9	0.0-30.9	15/102	11.2	101-143	floats			walk on uneven terrain
36_09	36	120	32.4	0.2-32.4	14/106	13.3	100-107				walk forward, turn around, walk back
36_10	36	120	31.9	0.0-31.9	15/106	12.3	101-143				walk on uneven terrain
36_11	36	120	34.7	0.0-34.7	15/105	14.4	99-143				walk on uneven terrain
36_12	36	120	38.2	0.0-38.2	15/106	16.7	100-142				walk on uneven terrain
36_13	36	120	35.4	0.0-35.4	15/104	16.0	98-141				walk on uneven terrain
36_14	36	120	34.5	0.0-34.5	15/103	16.0	99-143				walk on uneven terrain
36_15	36	120	34.7	0.0-34.7	16/101	16.9	99-143				walk on uneven terrain
36_16	36	120	36.6	0.0-36.6	16/102	16.2	99-143				walk on uneven terrain
36_17	36	120	36.3	0.1-36.3	15/106	14.1	98-143				walk on uneven terrain
36_18	36	120	35.9	0.0-35.9	15/103	15.6	100-142				walk on uneven terrain
36_19	36	120	34.9	0.0-34.9	15/99	16.9	100-143				walk on uneven terrain
36_20	36	120	34.1	0.0-34.1	16/108	13.9	98-141				walk on uneven terrain
36_21	36	120	33.6	0.0-33.6	15/102	15.5	86-141				walk on uneven terrain
36_22	36	120	35.9	0.9-35.9	15/101	15.7	89-148				walk on uneven terrain
36_23	36	120	36.6	0.4-36.6	15/102	16.3	91-140				walk on uneven terrain
36_24	36	120	34.6	0.0-34.6	15/101	15.6	99-140				walk on uneven terrain
36_25	36	120	39.0	0.1-39.0	15/102	17.6	89-141				walk on uneven terrain
36_26	36	120	35.3	0.0-35.3	15/101	16.0	100-142				walk on uneven terrain
36_27	36	120	35.4	0.0-35.4	15/103	16.0	99-143				walk on uneven terrain
36_28	36	120	19.9	0.0-19.9	16/104	10.0	98-141				walk on uneven terrain
36_29	36	120	37.2	0.0-37.2	15/100	16.7	100-143				walk on uneven terrain
36_30	36	120	36.8	0.3-36.8	15/102	16.0	98-143				walk on uneven terrain
36_31	36	120	31.1	0.1-31.1	16/101	13.1	97-160				walk on uneven terrain
36_32	36	120	37.2	0.1-37.2	16/100	16.4	100-163				walk on uneven terrain
36_33	36	120	35.9	0.0-35.9	15/100	15.8	98-160				walk on uneven terrain
36_34	36	120	36.1	0.0-35.9	16/132	13.3	99-164				walk on uneven terrain
36_35	36	120	36.2	0.0-36.2	15/103	15.0	99-159				walk on uneven terrain
36_36	36	120	39.9	0.0-39.9	15/116	15.3	98-159				walk on uneven terrain
37_01	37	120	4.3	0.0-4.3	21/72	3.7	104-108				slow walk
38_01	38	120	2.9	0.0-2.9	14/98	3.3	104-108				walk
38_02	38	120	3.5	0.0-3.5	14/100	4.5	98-105				walk
38_03	38	120	6.3	0.0-6.3	14/100	11.8	89-107				run around in a circle
38_04	38	120	71.9	0.0-71.9	13/107	69.5	98-105				walk around, frequent turns, cyclic walk along a line
39_01	39	120	3.1	0.0-3.1	11/49	4.7	97-102				walk
39_02	39	120	3.3	0.0-3.3	10/59	4.9	97-102				walk
39_03	39	120	3.4	0.0-3.4	9/54	5.1	97-102				walk
39_04	39	120	3.4	0.0-3.4	9/42	4.8	97-102				walk
39_05	39	120	3.3	0.0-3.3	10/97	4.9	97-102				walk
39_06	39	120	3.1	0.0-3.1	9/51	4.7	97-102				walk
39_07	39	120	3.1	0.0-3.1	9/61	4.6	97-102				walk
39_08	39	120	2.9	0.0-2.9	9/43	4.3	97-102				walk
39_09	39	120	3.3	0.0-3.3	9/56	4.6	98-102				walk
39_10	39	120	3.3	0.0-3.3	11/64	4.9	97-102				walk
39_11	39	120	7.4	0.0-7.4	13/47	6.4	100-104				walk forward, turn around, walk back
39_12	39	120	3.6	0.0-3.6	11/45	5.2	98-102				walk
39_13	39	120	3.1	0.0-3.1	10/50	4.7	97-102				walk
39_14	39	120	3.3	0.0-3.3	10/53	4.7	98-102				walk
40_02	40	120	41.6	0.8-41.6	12/94	27.6	98-103				navigate - walk forward, backward, on a diagonal
40_03	40	120	51.6	0.0-51.6	12/97	35.0	97-103				navigate - walk forward, backward, on a diagonal
40_04	40	120	49.1	0.6-49.1	13/91	36.9	96-103				navigate - walk forward, backward, on a diagonal
40_05	40	120	50.7	0.0-50.7	12/96	36.9	97-103				navigate - walk forward, backward, on a diagonal
41_02	41	120	36.6	0.2-36.6	15/73	18.9	101-106				navigate - walk forward, backward, sideways, on a diagonal
41_03	41	120	49.6	0.9-49.6	15/83	25.0	102-106				navigate - walk forward, backward, sideways, on a diagonal
41_04	41	120	58.9	2.0-58.9	16/82	33.0	101-106				navigate - walk forward, backward, on a diagonal
41_05	41	120	60.2	1.1-60.2	15/85	34.3	101-106				navigate - walk forward, backward, on a diagonal
41_06	41	120	59.2	0.7-59.2	15/84	31.1	101-107				navigate - walk forward, backward, on a diagonal
43_01	43	120	3.5	0.0-3.5	16/91	4.6	97-103				walk
45_01	45	120	3.8	0.0-3.8	13/70	4.0	99-102				walk
46_01	46	120	5.1	0.0-5.1	12/86	4.6	100-105				walk
47_01	47	120	11.0	0.0-11.0	13/73	9.7	98-108				walk forward, turn around, walk back
49_01	49	120	5.4	0.0-5.4	15/64	4.7	100-104				walk
54_20	54	120	51.6	0.0-51.6	12/75	28.0	99-111				follow path, walk around obstacles
54_21	54	120	58.2	0.0-58.0	12/82	32.2	99-111				follow path, walk around obstacles
54_22	54	120	21.1	0.0-21.1	12/61	12.8	99-111				follow path, walk around obstacles
55_04	55	120	4.4	0.6-4.4	13/59	3.7	100-104				walk
56_01	56	120	12.5	0.0-12.5	13/76	10.9	97-109				walk around
69_01	69	120	3.9	0.9-3.9	14/47	2.5	103-106				walk forward
69_02	69	120	2.9	0.0-2.9	13/61	2.5	103-106				walk forward
69_03	69	120	3.6	0.6-3.6	13/61	2.7	102-105				walk forward
69_04	69	120	3.5	0.6-3.5	14/47	2.5	102-105				walk forward
69_05	69	120	3.8	0.8-3.8	12/57	2.8	100-105				walk forward
69_06	69	120	43.4	0.7-43.4	13/50	29.4	101-105				walk and turn (repeated)
69_07	69	120	43.7	0.0-43.7	13/58	28.8	102-106				walk and turn (repeated)
69_08	69	120	44.2	0.0-44.2	13/61	30.0	101-106				walk and turn (repeated)
69_09	69	120	42.5	0.0-42.5	14/59	29.3	101-106				walk and turn (repeated)
69_10	69	120	47.9	0.2-47.9	13/54	30.5	102-106				walk and turn (repeated)
69_11	69	120	41.3	0.1-41.3	14/60	25.9	102-106				walk and turn (repeated)
69_12	69	120	40.2	0.3-40.2	14/66	25.9	101-106				walk and turn both directions (repeated)
69_20	69	120	4.6	0.0-4.6	13/52	3.1	102-106				walk forward 90 degree right turn
69_21	69	120	5.1	0.0-5.1	13/59	3.3	102-105				walk forward 90 degree right turn
69_22	69	120	4.1	0.0-4.1	13/52	3.3	102-106				walk forward 90 degree right turn
69_23	69	120	4.7	0.0-4.7	13/44	4.0	102-106				walk forward 90 degree right turn
69_24	69	120	3.6	0.0-3.6	13/46	3.3	100-105				walk forward 90 degree left turn
69_25	69	120	3.9	0.0-3.9	14/47	3.5	102-105				walk forward 90 degree left turn
69_26	69	120	3.6	0.0-3.6	14/52	3.2	101-105				walk forward 90 degree left turn
69_27	69	120	3.5	0.0-3.5	13/47	3.0	102-105				walk forward 90 degree left turn
69_28	69	120	3.9	0.0-3.9	12/63	3.3	103-106				walk forward 90 degree smooth right turn
69_29	69	120	3.3	0.0-3.3	13/64	2.9	103-105				walk forward 90 degree smooth right turn
69_30	69	120	3.2	0.0-3.2	13/49	3.0	103-106				walk forward 90 degree smooth right turn
69_31	69	120	3.1	0.0-3.1	13/50	3.0	102-106				walk forward 90 degree smooth left turn
69_32	69	120	3.2	0.0-3.2	14/62	2.9	103-106				walk forward 90 degree smooth left turn
69_33	69	120	3.3	0.0-3.3	14/47	2.9	102-106				walk forward 90 degree smooth left turn
69_34	69	120	39.8	0.5-39.8	17/84	22.2	102-105				walk backwards and turn
69_35	69	120	34.2	0.0-34.2	19/83	21.5	100-106				walk backwards and turn
69_36	69	120	38.3	0.0-38.3	19/85	23.6	101-106				walk backwards and turn
69_37	69	120	36.1	0.0-36.1	14/80	19.1	102-106				walk backwards and turn
69_38	69	120	41.0	0.0-41.0	13/76	22.1	101-107				walk backwards and turn (repeated)
69_42	69	120	42.6	0.0-42.6	14/67	18.2	101-105				walk sideways and turn (repeated)
69_43	69	120	41.4	0.0-41.4	15/48	17.4	101-105				walk sideways and turn (repeated)
69_44	69	120	47.1	0.3-47.1	14/59	20.2	101-105				walk sideways and turn (repeated)
69_45	69	120	39.6	0.4-39.6	14/61	17.7	101-106				walk sideways and turn (repeated)
69_46	69	120	47.5	0.0-47.5	14/55	19.0	101-105				walk sideways and turn (repeated)
69_47	69	120	44.1	0.2-44.1	14/68	18.1	101-105				walk sideways and turn (repeated)
69_48	69	120	41.8	0.2-41.8	16/66	15.9	101-105				walk sideways and turn (opposite direction)
69_49	69	120	47.4	0.0-47.4	16/52	19.1	101-105				walk sideways and turn (opposite direction)
69_50	69	120	4.4	0.0-4.4	12/66	3.3	102-107				walk sideways and backwards
69_51	69	120	5.2	0.0-5.2	14/77	3.8	101-107				walk backwards and turn
69_52	69	120	4.5	0.0-4.5	12/66	3.4	103-108				walk backwards and turn
69_53	69	120	3.8	0.0-3.8	21/77	2.9	102-107				walk backwards and turn
69_54	69	120	4.2	0.0-4.2	19/75	3.3	103-106				walk backwards and turn
69_55	69	120	4.0	0.0-4.0	18/77	3.3	103-107				walk backwards and turn
69_56	69	120	6.4	0.1-6.4	15/47	3.1	101-104				walk sideways and turn (opposite direction)
69_57	69	120	5.1	0.0-5.1	16/57	2.7	100-105				walk sideways and turn (opposite direction)
69_58	69	120	6.3	0.0-6.3	17/64	3.3	101-104				walk sideways and turn (opposite direction)
69_59	69	120	5.9	0.0-5.9	15/55	3.0	101-105				walk sideways and turn
69_60	69	120	5.4	0.0-5.4	14/53	2.9	101-105				walk sideways and turn
69_61	69	120	5.3	0.0-5.3	14/45	2.8	101-105				walk sideways and turn
69_62	69	120	5.5	0.0-5.5	16/47	3.0	100-104				walk sideways and turn (opposite direction)
69_63	69	120	4.5	0.0-4.5	16/51	2.7	100-104				walk sideways and turn (opposite direction)
69_64	69	120	4.6	0.0-4.6	16/53	2.6	100-104				walk sideways and turn (opposite direction)
69_65	69	120	5.5	0.0-5.5	15/53	3.2	101-104				walk sideways and turn
69_66	69	120	4.9	0.0-4.9	16/45	2.7	101-105				walk sideways and turn
69_67	69	120	5.3	0.0-5.3	16/43	3.0	100-104				walk sideways and turn
74_01	74	60	7.7	0.0-7.7	22/79	3.5	105-112				stiff walk
74_02	74	60	4.4	0.5-4.4	16/59	3.2	102-110				stiff walk
74_20	74	60	9.6	0.0-9.6	18/72	4.7	104-111				stiff walk
75_04	75	60	4.8	0.9-4.4	17/62	4.3	87-106				wide leg run
75_05	75	60	5.0	2.1-4.8	16/68	3.6	88-106				cross leg run
76_06	76	120	5.6	0.0-5.6	13/64	1.9	101-107				avoid stepping on something
76_08	76	120	12.5	0.7-12.5	13/100	3.0	93-108				careful stepping over things
76_09	76	120	13.2	0.4-13.2	12/74	1.6	104-109				walking backwards
76_10	76	120	11.4	0.0-10.8	13/103	0.9	106-108				turning
76_11	76	120	4.3	0.0-3.7	12/66	2.4	98-106				quick large steps backwards
77_10	77	60	11.5	0.0-11.5	16/87	10.0	91-105				careful run
77_11	77	60	5.3	1.8-5.2	16/90	3.8	91-105				careful run
77_12	77	60	16.3	1.6-14.9	15/102	18.0	92-107				careful run in circle
77_13	77	60	23.1	1.8-23.1	15/94	29.9	89-104				careful run in figure eight
77_14	77	60	16.5	0.0-16.5	20/81	8.7	88-97				careful creeping
77_15	77	60	18.0	0.2-18.0	18/77	8.5	86-95				careful creeping
77_28	77	60	49.5	2.5-49.5	15/79	17.5	101-105				careful walk
77_29	77	60	35.1	0.0-35.1	14/86	10.8	90-105				creeping walk
77_30	77	60	21.0	0.0-21.0	16/87	9.6	100-105				creeping walk
77_31	77	60	35.1	1.8-35.1	15/95	14.5	86-103				silent walk
77_32	77	60	31.6	0.2-31.6	20/81	12.4	87-105				creeping walk
77_34	77	60	18.7	0.0-18.7	14/86	3.9	93-104				creep and pause, repeat
81_01	81	120	10.4	0.6-10.4	13/65	3.9	102-105				fix hair and walk forward
81_02	81	120	4.5	0.1-4.5	14/70	4.3	100-105				walk forward
81_03	81	120	9.0	0.4-7.4	13/63	4.4	102-106				walk
81_04	81	120	8.0	0.1-8.0	12/69	4.4	101-105				walk at a brisk pace
81_17	81	120	7.6	2.0-7.6	13/65	3.8	102-106				walk forward
81_18	81	120	9.6	0.5-9.6	12/64	3.6	101-105				adjust hair walk forward
82_08	82	120	14.2	8.3-14.2	17/81	4.2	101-105				stand still; casual walk forward
82_09	82	120	10.8	5.4-10.8	18/80	3.6	101-105				confident walk forward
82_11	82	120	5.8	0.4-5.8	21/100	3.4	102-105				normal walk forward
82_13	82	120	3.4	0.0-3.4	17/78	4.6	98-104				normal walk forward
82_14	82	120	7.6	0.0-7.1	15/87	3.9	93-104				walk forward and slow down
82_15	82	120	6.0	0.0-5.8	14/84	4.5	100-105				walk forward and turn sideways
83_01	83	120	5.3	2.1-4.6	25/71	1.2	94-116				large sidestep to right
83_04	83	120	3.9	0.2-3.6	27/80	0.9	96-121				large sidestep to right
83_05	83	120	4.0	0.5-4.0	24/88	1.2	87-122				very large sidestep to right
83_06	83	120	3.3	0.0-3.3	24/69	1.1	97-126				very large sidestep to right and down
83_07	83	120	3.5	0.0-3.4	26/75	0.4	109-126				short sidestep to right and down
83_08	83	120	3.8	0.7-3.8	27/73	0.8	108-126				medium step forward and down
83_09	83	120	3.8	0.0-3.2	29/83	0.5	109-126				short step forward and down
83_10	83	120	4.0	0.5-4.0	27/70	0.8	108-125				medium step forward and down
83_12	83	120	4.2	0.3-4.2	28/87	0.9	105-126				medium sidestep to right and down
83_13	83	120	4.2	0.8-3.9	26/68	1.1	97-126				large sidestep to right
83_14	83	120	3.6	0.0-3.3	30/91	0.4	110-126				short sidestep to left and down
83_15	83	120	4.3	1.1-3.5	31/80	0.8	106-126	loose			short step forward
83_16	83	120	4.2	0.6-3.5	28/80	0.9	105-126				medium sidestep to left and down
83_17	83	120	4.4	1.0-3.5	27/73	1.2	96-126				medium step to left and down
83_18	83	120	3.9	0.0-3.6	33/83	0.5	114-116	loose			short step to left and forward
83_19	83	120	4.2	1.3-3.9	30/78	0.9	104-115				medium sidestep to left
83_20	83	120	4.4	1.2-3.7	31/87	0.8	107-116	loose			medium step forward
83_21	83	120	4.3	1.1-3.7	29/75	1.1	95-115				large step to left and forward
83_23	83	120	4.5	0.0-3.9	28/77	0.6	105-121				short sidestep to left and up
83_24	83	120	4.4	1.2-4.4	30/82	1.0	98-121				medium step to left and up
83_25	83	120	4.5	0.0-4.5	30/82	0.9	100-121				short step forward and up
83_26	83	120	4.3	1.1-3.8	29/88	1.2	89-120				medium step to left, forward, and up
83_27	83	120	8.2	1.3-7.6	29/78	2.7	102-146				walk forward stepping up stairs
83_28	83	120	7.8	0.0-7.1	28/69	2.8	101-145				walk forward stepping up stairs
83_29	83	120	7.9	0.1-7.9	28/71	3.0	102-145				walk forward stepping up stairs
83_30	83	120	8.4	1.8-7.8	28/71	3.1	101-145				walk forward stepping up stairs
83_31	83	120	7.8	1.0-7.8	28/78	2.7	101-161				walk forward stepping up stairs
83_32	83	120	8.7	1.5-8.0	31/96	2.7	101-161	loose			walk forward stepping up stairs
83_33	83	120	10.8	0.0-10.5	27/78	1.4	114-117				sidestep to right then back to left
83_34	83	120	8.1	0.0-7.7	28/72	3.0	101-161				walk forward and up stairs
83_35	83	120	8.7	1.4-7.7	28/75	3.0	102-161				walk forward and stepping up stairs
83_36	83	120	8.8	1.5-8.8	29/86	4.4	99-105				walk forward turn 90 degrees left walk forward
83_37	83	120	8.0	0.1-8.0	30/120	4.7	98-104	loose			walk forward turn 90 degrees right walk forward
83_38	83	120	8.4	1.7-8.4	30/123	4.7	98-105	loose			walk forward turn 90 degrees left walk forward
83_39	83	120	8.1	1.0-8.1	28/74	4.4	97-104				walk forward turn 90 degrees right walk forward
83_44	83	120	5.5	0.0-5.5	28/76	0.9	107-116				medium step forward
83_55	83	120	6.1	2.6-5.3	29/79	0.9	107-117				medium sidestep to right
83_63	83	120	5.7	2.4-5.0	26/74	1.2	95-116				large sidestep to right and forward
83_66	83	120	5.6	0.0-5.3	28/79	0.6	113-116				short sidestep to right
83_67	83	120	5.6	0.0-5.0	28/81	0.9	106-116				short sidestep to the right
83_68	83	120	5.5	0.0-5.5	27/85	1.1	106-116				medium sidestep to right
85_13	85	120	12.0	1.2-11.1	19/109	5.8	38-103	inverted			BadStartSequnce
90_22	90	120	5.8	1.3-5.8	13/94	4.2	101-106				straight walk
90_23	90	120	9.9	2.0-7.8	13/97	4.5	100-106				straight walk
91_02	91	120	14.6	0.8-13.8	16/91	9.5	99-105				WalkStraight
91_03	91	120	15.5	0.0-14.6	17/92	12.6	98-104				Walk figure eight
91_04	91	120	18.0	1.3-16.7	18/99	14.8	98-104				Walking
91_05	91	120	22.5	0.0-22.5	15/96	10.1	100-105				Mummy Walk
91_10	91	120	26.5	1.8-26.4	15/90	9.8	100-105				SlowWalk
91_11	91	120	15.5	2.0-14.8	16/89	9.0	97-106				LavishWalk
91_12	91	120	18.5	2.4-17.5	17/110	9.2	95-105				TooCoolWalk
91_13	91	120	24.7	1.7-24.2	17/71	9.4	96-104				SadWalk
91_14	91	120	23.1	2.3-22.4	18/83	9.4	98-104				DepressedWalk
91_15	91	120	25.7	0.0-25.7	21/137	10.2	81-105				ClumsyWalk
91_17	91	120	12.7	2.0-12.4	18/92	9.5	97-104				QuickWalk
91_18	91	120	28.0	0.0-28.0	16/92	9.7	99-104				CarefulWalk LookingAround
91_19	91	120	15.7	1.8-15.7	18/91	9.4	99-107				March
91_20	91	120	23.1	3.0-23.1	17/108	9.5	99-104				ShyWalk
91_21	91	120	32.2	0.0-31.9	21/71	9.7	99-105				acheyWalk
91_22	91	120	17.5	2.8-17.5	17/88	9.7	96-105				CasualQuickWalk
91_23	91	120	22.2	2.8-22.0	17/128	9.9	98-105				CoolWalk
91_27	91	120	24.1	0.0-24.1	16/91	9.9	99-105				SlowWalk
91_28	91	120	27.6	0.0-27.6	15/93	10.1	100-105				GhettoWalk
91_29	91	120	18.2	2.7-18.2	16/90	9.4	100-105				NormalWalk
91_30	91	120	26.2	4.6-25.6	15/92	9.3	98-106				SexyWalk
91_31	91	120	16.6	0.0-16.6	15/95	9.4	100-105				NormalWalk
91_33	91	120	22.5	0.3-22.1	20/88	9.9	92-105				MachoWalk
91_34	91	120	18.4	2.6-18.4	15/89	9.2	99-104				NormalWalk
91_35	91	120	25.4	3.2-25.4	17/90	9.5	100-104				TrafficWalk
91_36	91	120	7.4	0.0-6.8	16/91	4.5	100-104				WalkStraight
91_54	91	120	5.6	1.2-5.1	18/93	0.6	85-143				180
91_55	91	120	3.9	1.0-3.7	21/107	0.5	85-147				180
91_56	91	120	4.2	1.8-4.2	18/79	0.5	90-131				90
91_57	91	120	9.8	1.8-9.8	17/90	4.9	100-104				WalkForward
91_60	91	120	3.1	0.5-2.6	20/81	0.6	90-129				360
91_61	91	120	3.0	0.2-2.2	20/79	0.5	89-133				360
91_62	91	120	15.4	0.5-14.7	17/93	12.2	100-105				walkFigure8
93_07	93	120	2.0	0.0-2.0	12/62	4.6	97-101				Casual Walk
102_01	102	120	2.3	0.3-2.3	20/96	4.8	88-104				RightWideTurn
102_02	102	120	1.4	0.0-1.4	18/96	4.2	90-104				LeftWideTurn
102_05	102	120	0.9	0.0-0.9	19/94	3.9	94-103	short			RunningStraight
102_06	102	120	1.2	0.0-1.2	20/101	4.7	95-106				RunningWideRight
102_07	102	120	0.9	0.0-0.9	19/97	4.0	94-102	short			RunningWideLeft
102_08	102	120	1.2	0.0-1.2	19/90	4.2	93-107				RunningTighterRight
102_10	102	120	0.8	0.0-0.8	17/97	3.6	98-106	short			RunningNoBall
102_16	102	120	1.8	0.0-1.8	17/102	4.8	81-110				WalkEvasiveLeft
102_17	102	120	1.5	0.0-1.5	17/88	4.2	80-107				WalkEvasiveRight
102_22	102	120	2.0	0.6-2.0	19/82	3.6	83-104				DefensiveStraightNoStop
102_23	102	120	3.0	0.3-2.8	18/93	3.9	77-103				DefensiveStraightWithStop
102_24	102	120	2.7	0.0-2.7	16/84	3.9	72-98				DefensiveRightStopToStop
102_25	102	120	2.5	0.2-2.3	23/100	3.8	78-99				DefensiveLeftStopToStop
102_30	102	120	1.8	0.0-1.8	18/87	4.7	88-100				SraightDriveFromStop
102_33	102	120	1.8	0.3-1.8	24/137	3.0	81-102				RightTightTurn
103_07	103	120	2.0	0.0-2.0	12/62	4.6	97-101				Casual Walk
104_01	104	120	3.2	0.3-2.5	18/101	8.1	0-112				JogThrough
104_02	104	120	7.4	0.0-7.4	16/86	4.6	98-103				neutral Male walk, exact footfalls
104_03	104	120	13.5	0.0-13.5	19/102	5.0	100-107		Frankenstein_Walk_Loop		Frankenstein male walk, exact footfalls
104_04	104	120	1.6	0.0-1.6	20/74	5.1	94-110				JogThrough
104_06	104	120	2.8	0.5-2.8	19/80	5.0	92-110				StartJog
104_08	104	120	2.6	0.7-2.6	19/79	4.0	93-110				StartJog
104_09	104	120	2.9	0.0-2.6	20/78	4.7	95-111				JogStop
104_10	104	120	2.8	0.0-2.4	19/75	4.7	94-111				JogStop
104_12	104	120	3.5	0.0-3.5	19/96	5.3	87-118				ExcitedWalk
104_16	104	120	2.7	0.0-2.7	21/77	5.1	84-107				SpasticWalk
104_17	104	120	3.9	0.0-3.4	20/103	5.0	91-117				SpasticStop
104_18	104	120	5.6	0.8-4.8	20/165	7.4	0-120				SpasticStop
104_19	104	120	7.7	1.1-6.7	16/73	4.5	98-105				CasualWalk
104_22	104	120	15.3	0.0-14.2	15/73	12.4	98-105				RegularWalk8
104_27	104	120	20.3	1.1-19.5	14/74	15.2	98-105				RegularWalkRightAngleTurns
104_28	104	120	4.7	0.6-4.1	15/76	4.3	92-106				SternWalk
104_29	104	120	4.0	0.1-3.3	16/87	4.3	92-107				SternWalk
104_30	104	120	11.4	2.1-10.7	16/84	11.5	92-106				SternWalk8
104_32	104	120	13.0	1.1-12.2	15/85	14.5	94-105				SternWalkRightAngleTurns
104_35	104	120	8.9	1.3-8.2	17/82	4.4	100-105				SlowWalk
104_36	104	120	19.3	1.3-18.9	16/82	13.4	99-105				SlowWalk8
104_37	104	120	1.2	0.0-1.2	18/71	4.5	94-107				RunThrough
104_39	104	120	26.8	1.1-24.8	16/79	15.7	100-105				SlowWalkRightAngleTurns
104_44	104	120	9.1	0.0-8.4	23/96	4.6	99-104				AttitudeWalk
104_45	104	120	18.4	1.1-17.5	22/80	13.0	97-104				AttitudeWalk8
104_46	104	120	23.2	2.3-23.2	21/85	15.4	97-104				AttitudeWalkRightAngleTurns
104_48	104	120	1.0	0.0-1.0	19/92	4.1	94-106				RunThrough
104_53	104	120	2.5	0.8-2.5	17/84	4.5	90-104				StartRun
104_54	104	120	2.1	0.6-2.1	18/91	3.9	91-105				StartRun
104_55	104	120	4.2	0.0-3.8	16/89	5.0	92-105				StartRun
104_56	104	120	3.1	0.0-1.9	16/71	4.6	93-106				RunStop
104_57	104	120	3.2	0.0-1.8	16/71	4.2	93-106				RunStop
105_02	105	120	14.6	0.8-13.8	16/91	9.5	99-105				WalkStraight
105_03	105	120	15.5	0.0-14.6	17/92	12.6	98-104				Walk8
105_05	105	120	22.5	0.0-22.5	15/96	10.1	100-105				mummyWalk
105_10	105	120	26.5	1.8-26.4	15/90	9.8	100-105				SlowWalk
105_11	105	120	15.5	2.0-14.8	16/89	9.0	97-106				LavishWalk
105_12	105	120	18.5	2.4-17.5	17/110	9.2	95-105				TooCoolWalk
105_13	105	120	24.7	1.7-24.2	17/71	9.4	96-104				SadWalk
105_14	105	120	23.1	2.3-22.4	18/83	9.4	98-104				DepressedWalk
105_15	105	120	25.7	0.0-25.7	21/137	10.2	81-105				ClumsyWalk
105_17	105	120	12.7	2.0-12.4	18/92	9.5	97-104				QuickWalk
105_18	105	120	28.0	0.0-28.0	16/92	9.7	99-104				CarefulWalk LookingAround
105_19	105	120	15.7	1.8-15.7	18/91	9.4	99-107				March
105_20	105	120	23.1	3.0-23.1	17/108	9.5	99-104				ShyWalk
105_21	105	120	32.2	0.0-31.9	21/71	9.7	99-105				acheyWalk
105_22	105	120	17.5	2.8-17.5	17/88	9.7	96-105				CasualQuickWalk
105_23	105	120	22.2	2.8-22.0	17/128	9.9	98-105				CoolWalk
105_27	105	120	24.1	0.0-24.1	16/91	9.9	99-105				SlowWalk
105_28	105	120	27.6	0.0-27.6	15/93	10.1	100-105				GhettoWalk
105_29	105	120	18.2	2.7-18.2	16/90	9.4	100-105				NormalWalk
105_30	105	120	26.2	4.6-25.6	15/92	9.3	98-106				SexyWalk
105_31	105	120	16.6	0.0-16.6	15/95	9.4	100-105				NormalWalk
105_33	105	120	22.5	0.3-22.1	20/88	9.9	92-105				MachoWalk
105_34	105	120	18.4	2.6-18.4	15/89	9.2	99-104				NormalWalk
105_35	105	120	25.4	3.2-25.4	17/90	9.5	100-104				TrafficWalk
105_36	105	120	7.4	0.0-6.8	16/91	4.5	100-104				WalkStraight
105_53	105	120	4.6	2.2-4.5	18/72	0.4	92-130				180
105_54	105	120	5.6	1.2-5.1	18/93	0.6	85-143				180
105_55	105	120	3.9	1.0-3.7	21/107	0.5	85-147				180
105_56	105	120	4.2	1.8-4.2	18/79	0.5	90-131				90
105_57	105	120	9.8	1.8-9.8	17/90	4.9	100-104				WalkForward
105_60	105	120	3.1	0.5-2.6	20/81	0.6	90-129				360
105_61	105	120	3.0	0.2-2.2	20/79	0.5	89-133				360
105_62	105	120	15.4	0.5-14.7	17/93	12.2	100-105				walkFigure8
111_01	111	120	8.3	0.0-8.3	14/102	3.8	105-111				Walk backwards
111_03	111	120	12.7	0.0-12.7	29/148	2.3	34-101				Crawling
111_13	111	120	10.7	0.3-10.7	13/104	8.5	96-107				March
111_23	111	120	9.4	0.0-9.2	13/102	7.5	101-109				Run
111_24	111	120	7.2	0.0-7.2	12/89	6.9	100-109				Run
111_26	111	120	22.7	0.0-22.7	15/105	6.8	103-111				Walk sideways
111_27	111	120	12.1	0.0-12.1	14/99	4.0	100-136				Walking up stairs
111_29	111	120	4.5	0.0-4.5	16/98	2.2	102-111				Stepping over
111_30	111	120	3.8	0.0-3.8	16/99	1.8	103-109				Stepping over
111_31	111	120	18.7	0.0-18.7	15/91	3.8	98-137				Stepping up / stepping down
111_34	111	120	15.3	0.0-15.3	13/105	10.5	99-109				Walk
111_35	111	120	12.5	0.0-12.2	14/104	8.2	101-109				Walk
113_01	113	120	7.0	0.0-6.4	20/102	3.8	101-110				Walk backwards
113_06	113	120	16.9	0.0-15.9	18/132	12.0	99-108				Walk figure 8
113_07	113	120	4.8	0.4-4.6	19/109	4.2	94-108				Run
113_09	113	120	10.0	0.0-10.0	21/103	7.8	97-109				March
113_17	113	120	15.4	0.0-15.4	17/101	8.4	97-109				Walk sideway
113_18	113	120	18.3	0.3-18.3	20/129	8.7	97-109				Walk sideways
113_19	113	120	6.7	0.0-6.7	19/101	3.1	99-134				Walking up and down stairs
113_20	113	120	12.1	0.7-12.1	18/108	7.4	99-131				Walk up and down stairs
113_22	113	120	9.9	0.1-9.9	20/115	6.1	98-107				Step over
113_25	113	120	5.7	0.0-5.0	18/107	3.8	100-110				Walk
114_07	114	120	13.5	0.0-13.5	26/193	7.9	101-153				Walking up and down stairs
114_08	114	120	13.4	0.0-13.4	17/97	7.6	100-153				Walking up and down stairs
114_09	114	120	19.0	1.7-19.0	11/98	8.9	100-152				Walking up and down stairs
114_13	114	120	26.1	0.0-26.1	13/123	18.8	100-107				Walk
114_14	114	120	48.8	0.0-48.8	17/159	30.3	100-107				Walk
114_15	114	120	11.5	0.0-11.5	12/79	6.7	102-107				Walk
120_19	120	120	106.6	2.4-105.8	16/104	37.7	99-107				Walk slow
120_20	120	120	89.5	1.7-89.4	16/103	33.1	98-107				Walk
127_03	127	120	2.8	1.3-2.8	17/65	4.4	89-99				Run
127_04	127	120	3.7	1.8-3.7	17/66	4.8	88-101				Walk to Run
127_05	127	120	3.2	0.0-1.6	19/89	4.9	68-100		Run_Quick_Stop		Run to Quick Stop
127_06	127	120	1.4	0.0-1.4	19/66	5.5	88-102				Run
127_07	127	120	1.2	0.0-1.2	22/76	5.1	88-102				Run
127_08	127	120	1.2	0.0-1.2	20/71	5.2	87-99				Run
127_09	127	120	1.6	0.0-1.6	16/69	5.5	87-97				Run Right
127_10	127	120	1.4	0.0-1.4	16/106	5.2	84-95				Run Right
127_11	127	120	1.7	0.0-1.7	18/56	5.2	84-98				Run Left
127_12	127	120	1.5	0.0-1.5	19/88	5.3	82-100				Run Left
127_13	127	120	1.5	0.0-1.5	18/88	5.1	87-97				Run Side Step Left
127_14	127	120	1.3	0.0-1.3	16/83	4.6	86-97				Run Side Step Right
127_15	127	120	1.4	0.0-1.4	19/83	4.4	87-93				Run Turn Left
127_16	127	120	2.1	0.0-2.1	16/73	5.4	89-103				Run Turn Right
127_17	127	120	3.2	0.0-3.2	19/62	4.5	86-103				Run Stop Run
127_18	127	120	3.3	0.0-3.3	19/91	5.2	87-104				Run Stop Run
127_19	127	120	3.7	0.0-3.7	18/82	5.4	81-104				Run Quick Stop Run
127_20	127	120	3.0	0.0-3.0	17/57	5.3	83-104				Run Quick Stop Run
127_33	127	120	1.7	0.0-1.7	18/49	5.1	92-126				Run Over
127_34	127	120	1.7	0.0-1.7	18/61	5.2	91-129				Run Over
127_35	127	120	2.0	0.0-2.0	16/71	5.5	89-129				Run Over
127_36	127	120	1.8	0.0-1.8	20/87	5.4	86-123				Run Over
128_02	128	120	1.4	0.0-1.4	18/67	5.4	95-104				Run Left
128_03	128	120	1.4	0.0-1.4	21/63	5.2	91-103				Run Right
128_05	128	120	1.7	0.0-1.7	19/51	2.8	89-108				Run Stop Run
128_06	128	120	1.6	0.0-1.6	18/58	2.9	86-105				Run Stop Run
128_07	128	120	2.9	0.0-2.9	19/64	3.0	84-105				Run Stop Run
128_08	128	120	2.7	0.0-2.7	18/55	2.1	89-106				Run Stop Run
131_01	131	120	8.3	0.0-7.0	16/94	4.5	54-106				Start Walk Stop
131_02	131	120	10.4	0.3-9.9	14/83	2.1	101-111				Start Walk Stop
131_09	131	120	19.1	0.3-18.1	15/107	5.8	94-107				Start Walk Left
131_10	131	120	14.8	0.2-13.5	15/109	5.0	98-107				Start Walk Left
131_11	131	120	9.7	0.5-9.1	12/83	4.3	92-113				Start Walk Left
131_12	131	120	6.4	0.0-5.9	13/97	4.4	99-107				Start Walk Right
131_13	131	120	11.0	0.0-11.0	13/99	4.8	90-112				Start Walk Right
131_14	131	120	16.1	0.5-15.0	12/111	6.0	87-109				Start Walk Right
132_13	132	120	79.3	0.6-79.3	16/164	37.4	98-111				Walk Backwards
132_15	132	120	54.5	0.0-54.5	19/111	27.0	81-104				Walk With Knees Bent
132_16	132	120	77.5	1.3-76.2	16/107	36.4	92-104				Walk Crossover
132_17	132	120	2.2	0.7-2.2	15/66	2.2	99-103				Walk Fast
132_18	132	120	3.5	0.7-3.5	16/73	4.2	97-103				Walk Fast
132_19	132	120	2.3	0.0-2.3	17/72	2.4	98-104				Walk Fast
132_20	132	120	2.8	0.4-2.8	19/91	4.1	98-104				Walk Fast
132_21	132	120	2.9	0.7-2.9	16/77	3.5	99-104				Walk Fast
132_22	132	120	3.1	0.5-3.1	17/74	4.1	100-106				Walk Fast
132_29	132	120	6.5	0.0-6.5	15/78	4.0	98-114				Bouncy Walk
132_30	132	120	6.5	1.1-6.5	17/72	4.3	97-119				Bouncy Walk
132_31	132	120	6.0	0.0-6.0	19/81	4.1	96-118				Bouncy Walk
132_32	132	120	5.4	0.8-5.4	17/81	3.9	92-117				Bouncy Walk
132_33	132	120	3.4	0.0-3.4	17/78	3.5	92-115				Bouncy Walk
132_34	132	120	4.3	0.7-4.3	14/57	3.9	94-115				Bouncy Walk
132_37	132	120	56.1	1.2-56.1	19/92	26.2	98-104			pick: March_Loop (guards on patrol)	Marching
132_39	132	120	52.1	2.9-52.1	16/116	23.1	100-105				Pigeon Toed Walking
132_40	132	120	7.1	1.2-6.8	13/62	4.2	102-105				Walk With Stiff Arms
132_41	132	120	53.0	1.1-53.0	14/82	25.7	102-105				Walk With Stiff Arms
132_42	132	120	5.7	0.9-5.7	17/76	3.9	99-105				Walk Swinging Shoulders
132_43	132	120	6.7	1.2-6.7	16/74	4.2	99-106				Walk Swinging Shoulders
132_44	132	120	43.4	1.3-43.4	17/107	25.3	99-106				Walk Swinging Shoulders
132_45	132	120	12.8	0.7-12.8	14/91	4.5	102-105				Walk Slow
132_46	132	120	10.2	0.3-10.2	12/65	4.1	102-106				Walk Slow
132_47	132	120	12.6	0.0-12.6	14/87	4.4	102-105				Walk Slow
132_48	132	120	13.5	0.0-13.5	13/66	4.2	102-105				Walk Slow
132_49	132	120	14.6	0.3-14.6	14/68	4.1	102-105				Walk Slow
132_50	132	120	17.8	0.0-17.8	13/61	4.1	102-105				Walk Slow
132_53	132	120	54.2	1.9-54.2	21/122	30.6	88-103				Walk With Legs Apart
132_54	132	120	50.2	1.4-50.1	17/152	26.4	97-105				Walk With Wild Arms
132_55	132	120	25.8	0.4-25.4	17/96	9.1	97-105				Walk With Wild Legs
132_56	132	120	59.0	0.0-58.7	18/121	25.4	95-106				Walk With Wild Legs
133_01	133	120	11.5	0.6-11.5	18/144	5.0	54-105				Walk Crawl
133_02	133	120	11.9	0.5-11.9	22/139	5.4	55-105				Walk Crawl
133_11	133	120	8.8	0.8-8.8	11/82	4.9	98-104				Walk Stop Walk
133_12	133	120	8.1	0.6-7.3	11/80	4.8	99-105				Walk Stop Walk
133_13	133	120	9.5	1.1-8.8	11/79	4.8	96-104				Walk Stop Walk
133_14	133	120	7.4	0.8-6.1	12/78	4.8	100-107				Walk Left
133_15	133	120	7.4	0.9-6.4	11/82	4.4	98-106				Walk Left
133_16	133	120	4.2	0.0-4.2	13/89	2.1	100-105				Walk Left
133_17	133	120	4.8	0.0-4.8	13/81	4.5	101-108				Walk Right
133_18	133	120	3.9	0.0-3.9	15/77	2.1	100-104				Walk Right
133_19	133	120	6.9	0.8-6.0	12/74	4.5	101-106				Walk Right
133_20	133	120	9.1	1.1-8.1	13/73	5.1	99-106				Walk Right
133_21	133	120	6.5	1.9-5.4	11/81	3.6	101-107				Walk
133_22	133	120	6.3	1.1-5.9	12/72	3.6	100-107				Walk
133_23	133	120	7.1	1.1-6.4	12/85	4.3	102-109				Walk
133_24	133	120	7.9	1.1-7.9	13/87	4.6	98-105				Walk ZigZag
134_10	134	120	2.8	0.7-2.8	14/78	4.6	87-110				Start
134_11	134	120	2.8	0.5-2.8	16/65	5.1	88-111				Start
134_12	134	120	3.1	0.0-3.1	17/44	4.8	85-112				Stop and Go
134_13	134	120	3.7	0.0-3.7	16/96	4.9	88-112				Stop and Go
134_14	134	120	3.9	0.0-3.9	14/82	4.5	86-113				Stop ang Go
136_01	136	120	7.3	1.0-7.3	14/100	5.9	98-104				Walk Bent Forward
136_02	136	120	7.2	0.0-7.2	14/70	5.8	92-107				Walk Bent Forward
136_03	136	120	10.0	0.2-10.0	15/58	5.8	96-104				Walk Backwards Bent Forward
136_04	136	120	10.6	0.6-10.6	16/73	6.2	92-107				Walk Backwards Bent Forward
136_05	136	120	8.5	1.4-8.5	14/92	6.7	99-113				Walk on Toes Bent Forward
136_06	136	120	7.9	1.2-7.9	14/100	5.9	98-114				Walk on Toes Bent Forward
136_07	136	120	9.2	0.6-9.2	12/100	6.3	103-111				Walk Backward on Toes Bent Forward
136_08	136	120	11.1	0.6-11.1	14/104	6.3	97-114				Walk Backward on Toes Bent Forward
136_20	136	120	8.3	0.0-8.3	14/102	6.1	99-104				Normal Walk
136_21	136	120	5.0	0.0-4.9	15/98	4.7	98-105				Normal Walk
136_22	136	120	7.0	0.0-7.0	14/98	5.2	98-104				Normal Walk
136_23	136	120	6.2	0.1-6.2	15/92	5.0	99-105				Normal Walk
136_24	136	120	9.0	1.1-9.0	14/101	5.9	96-105				Normal Walk
136_25	136	120	14.9	1.0-14.8	13/104	6.4	100-105		Walk_Backwards_Loop		Normal Walk Backwards
136_26	136	120	11.8	1.7-11.8	13/99	5.5	98-105				Normal Walk Backwards
136_27	136	120	9.1	1.0-9.1	13/99	6.5	99-108				Walk on Toes
136_28	136	120	9.3	0.0-9.3	13/134	6.2	97-112				Walk on Toes
136_29	136	120	9.8	0.7-9.8	11/101	5.9	105-112				Walk Backwards on Toes
136_30	136	120	10.6	1.7-10.6	11/103	6.3	97-112				Walk Backwards on Toes
136_31	136	120	12.0	2.5-11.7	13/99	6.9	96-106				Quail, quick little steps
136_32	136	120	12.0	1.8-11.4	12/100	6.7	99-108				Quail, quick little steps
137_20	137	120	13.4	0.7-13.4	17/95	8.2	94-108				Gangly Teen Walk
137_24	137	120	9.9	1.5-9.1	13/95	8.6	96-104				Graceful Lady Walk
137_29	137	120	9.4	0.0-8.7	14/89	8.0	95-103				Normal Walk
137_38	137	120	16.8	1.8-16.8	16/94	8.0	94-104				Sexy Lady Walk
137_42	137	120	18.2	0.8-18.2	19/98	8.7	98-105				Strong Man Walk
138_01	138	120	6.7	0.9-6.7	14/112	5.1	102-107				Marching
138_02	138	120	6.5	1.2-6.5	15/110	4.9	101-107				Marching
138_03	138	120	5.7	0.6-5.7	16/114	5.0	101-107				Marching
138_04	138	120	5.8	0.5-5.8	16/119	5.0	100-108				Marching
138_05	138	120	3.1	0.0-3.1	16/117	3.2	101-107				Marching
138_06	138	120	3.3	0.0-3.3	16/129	3.3	101-108				Marching
138_07	138	120	3.2	0.0-3.2	16/117	3.3	102-107				Marching
138_08	138	120	3.3	0.0-3.3	16/123	3.4	101-108				Marching
138_09	138	120	3.6	0.0-3.6	15/94	3.4	102-107				Marching
138_10	138	120	3.6	0.0-3.6	16/113	3.5	103-109				Marching
139_10	139	120	5.7	0.9-5.7	16/87	9.9	91-104				Run
139_11	139	120	2.7	0.8-2.7	15/78	3.8	91-105				Run To Sneak
139_12	139	120	8.1	0.7-7.6	14/88	18.0	92-107				Run in Circles
139_13	139	120	11.6	0.8-11.6	14/94	29.9	89-104				Run in Circles
139_14	139	120	8.2	0.0-8.2	19/81	8.6	88-97			pick: Sneak_Sideways (along a wall)	Sneak Sideways
139_15	139	120	9.0	0.0-9.0	19/78	8.4	86-95				Sneak Sideways
139_28	139	120	24.7	2.3-24.7	15/79	17.5	101-105				Walking
139_29	139	120	17.5	0.8-17.5	14/80	10.8	90-105		Sneak_Loop		Sneaking
139_30	139	120	10.5	0.0-10.5	16/93	9.6	100-105				Walking
139_31	139	120	17.5	0.8-17.5	15/92	14.5	87-103				Sneaking
139_32	139	120	15.8	0.7-15.8	20/84	12.3	87-105				Sneaking
139_33	139	120	25.0	0.6-25.0	16/75	16.2	91-104				Sneaking
139_34	139	120	9.3	0.0-9.3	14/84	3.9	93-104				Sneaking
141_01	141	120	0.6	0.0-0.6	16/58	3.4	96-109	short			Run
141_02	141	120	0.9	0.0-0.9	16/79	3.7	94-107	short			Run
141_03	141	120	1.9	0.6-1.9	16/62	5.1	96-108				Run
141_07	141	120	2.5	0.0-2.5	20/66	3.1	96-146				Walk Up and Over
141_08	141	120	2.8	0.0-2.8	24/97	3.6	98-149				Steop On Walk Down
141_09	141	120	1.9	0.0-1.9	20/104	3.6	97-109				Step Over
141_19	141	120	9.9	0.0-9.9	21/151	14.2	97-103				Walk
141_25	141	120	5.1	0.3-5.1	23/120	8.9	99-106				Walk
141_29	141	120	9.7	0.0-9.7	27/155	12.5	99-108				Random Walk
141_30	141	120	6.0	0.0-6.0	25/150	10.6	98-104				Random Walk
141_31	141	120	5.6	0.0-5.4	23/105	8.8	100-106				Walk Backwards
141_32	141	120	7.4	0.6-7.1	13/59	8.6	99-106				Walk Sideways, Cross Legs
141_33	141	120	8.8	0.0-8.3	14/57	8.5	97-108				Walk Sideways, Foot to Foot
141_34	141	120	2.6	0.6-2.6	22/126	4.8	96-108				Run
142_11	142	120	27.3	0.9-27.3	14/70	20.0	100-107				Marching
142_22	142	120	43.5	0.0-43.5	15/80	21.3	85-104				Sneaky
143_01	143	120	0.8	0.0-0.8	12/51	4.9	94-104	short			Run
143_02	143	120	1.7	0.0-1.2	11/53	3.7	91-102				Run to Stop
143_03	143	120	2.0	1.0-2.0	10/52	3.4	92-104				Start to Run
143_04	143	120	9.0	1.2-9.0	10/51	21.8	86-101				Run Figure 8
143_14	143	120	6.0	0.0-5.8	10/55	7.3	96-103				Walk And Step Over
143_15	143	120	5.9	0.2-5.9	10/54	7.4	92-107				Walk And Step Over
143_16	143	120	5.1	0.0-5.1	10/57	6.7	93-111				Walk And Step Over
143_17	143	120	5.3	0.0-5.3	12/277	3.1	99-147			pick: Stairs_Up (stairs between floors)	Walk Up Stairs And Over
143_32	143	120	6.5	0.0-6.5	10/57	8.9	97-102				Walk
143_39	143	120	9.0	0.5-9.0	10/50	8.9	98-103				Walk Backwards
143_40	143	120	8.0	0.5-8.0	10/45	8.6	97-102				Walk Sideways
143_41	143	120	9.7	0.0-9.3	13/51	8.1	87-99				Sneak
143_42	143	120	4.5	0.9-4.2	11/54	8.8	90-104				Run
144_33	144	120	41.8	0.0-40.8	11/58	22.7	102-107				Walking
144_34	144	120	39.1	0.0-38.7	10/67	17.8	102-107				Walking001
