# The CMU ledger's takes in category "other" (categories.tsv says why; README.md explains the columns).
id	subject	fps	sec	active	fit	travel	hips	flags	used	note	desc
20_13	20	120	13.5	0.0-13.5	16/105	6.8	99-107				blind man's bluff (blindfold tag) (2 subjects - subject A)
21_13	21	120	13.5	0.8-13.5	14/197	12.8	76-105				blind man's bluff (blindfold tag) (2 subjects - subject B)
22_10	22	120	4.3	0.0-4.3	20/87	1.9	94-103				A shelters B, a younger child, from harm (2 subjects - subject A)
22_11	22	120	4.5	0.0-4.5	21/90	2.1	85-102				B shelters A, a younger child, from harm (2 subjects - subject A)
23_10	23	120	4.3	0.0-4.3	11/47	2.1	93-106				A shelters B, a younger child, from harm (2 subjects - subject B)
23_11	23	120	4.5	0.0-4.5	15/66	1.7	85-104				B shelters A, a younger child, from harm (2 subjects - subject B)
26_05	26	120	30.3	0.0-30.0	15/87	1.4	99-106				Alaska vacation
26_06	26	120	30.0	0.0-29.4	15/84	1.1	105-105				Alaska vacation
27_04	27	120	30.4	0.0-29.9	16/108	2.1	101-104				Alaskan vacation
27_08	27	120	29.3	0.0-29.3	14/74	1.7	101-104				Alaskan vacation
27_09	27	120	31.5	1.7-30.8	15/84	1.8	98-105				Alaskan vacation
28_03	28	120	31.4	0.5-31.4	13/90	2.8	104-106				Alaskan vacation
28_07	28	120	30.5	0.3-30.3	14/93	3.2	103-106				Alaskan vacation
28_10	28	120	17.3	0.0-17.3	28/231	2.4	84-117	inverted			whale (human subject)
28_16	28	120	46.7	0.0-46.7	12/80	3.1	104-107				mouse (human subject)
29_04	29	120	31.9	0.4-31.9	9/68	2.1	97-104				Alaskan vacation
29_05	29	120	31.0	0.1-31.0	9/77	1.7	98-104				Alaskan vacation
29_09	29	120	31.1	0.0-31.1	9/60	1.4	98-105				Alaskan vacation
29_11	29	120	31.0	0.3-31.0	12/68	2.7	94-105				Alaskan vacation
29_12	29	120	125.2	1.0-125.2	12/92	11.0	87-107				Alaskan vacation
29_13	29	120	122.2	0.0-122.2	11/93	12.0	92-106				Alaskan vacation
29_15	29	120	36.9	0.0-36.9	10/94	5.2	92-105				whale (human subject)
29_21	29	120	33.3	0.2-33.3	13/71	2.3	95-105				mouse (human subject)
30_03	30	120	34.8	0.5-34.8	13/87	5.0	94-106				Alaskan vacation
30_04	30	120	30.8	0.0-29.5	13/93	3.6	94-106				Alaskan vacation
30_09	30	120	31.3	0.9-31.3	13/84	2.5	96-106				Alaskan vacation
30_11	30	120	124.2	2.9-124.2	13/110	11.7	93-106				Alaskan vacation
30_12	30	120	123.0	0.8-118.8	14/113	10.9	96-106				Alaskan vacation
30_14	30	120	21.5	0.0-21.5	19/66	1.7	88-105				whale (human subject)
30_19	30	120	34.1	0.0-34.1	15/100	2.2	95-105				mouse (human subject)
30_22	30	120	27.4	0.2-27.4	15/118	3.0	97-105				Tyrannosaurus rex (human subject)
31_03	31	120	30.8	0.7-29.1	18/132	3.0	84-106				Alaskan vacation
31_07	31	120	30.8	0.0-30.8	17/101	2.0	90-106				Alaskan vacation
31_09	31	120	122.1	2.9-122.1	15/86	7.7	89-106				Alaskan vacation
31_10	31	120	113.8	0.0-113.7	14/110	7.5	86-106				Alaskan vacation
31_12	31	120	35.4	0.0-35.4	21/76	2.3	103-106				whale (human subject)
31_17	31	120	33.3	0.6-33.3	21/100	3.0	100-107				Tyrannosaurus rex (human subject)
31_18	31	120	35.3	0.0-35.3	18/78	2.2	93-106	inverted			mouse (human subject)
32_05	32	120	30.4	1.0-29.9	23/113	4.3	88-107				Alaskan vacation
32_09	32	120	31.1	1.3-31.1	22/111	1.9	95-107				Alaskan vacation
32_11	32	120	122.4	0.5-119.1	21/112	7.8	89-107				Alaskan vacation
32_12	32	120	122.5	0.3-121.8	22/113	9.2	84-106				Alaskan vacation
32_18	32	120	25.3	0.4-25.3	13/68	1.0	94-105				mouse (human subject)
32_20	32	120	29.6	1.4-29.6	18/86	3.1	94-106				Tyrannosaurus rex (human subject)
54_04	54	120	38.4	0.0-38.4	20/98	2.6	83-106				pterosaur (human subject)
54_05	54	120	8.9	0.0-8.9	36/153	1.2	81-107	loose			pterosaur (human subject)
54_06	54	120	65.6	0.0-62.4	24/120	9.6	77-106				pterosaur (human subject)
54_08	54	120	35.3	0.4-35.0	26/117	26.3	92-113				roadrunner (human subject)
54_09	54	120	16.1	0.0-15.6	16/76	4.9	82-105			pick: Mantis (an insect monster)	insect/praying mantis (human subject)
54_17	54	120	23.5	1.1-23.1	21/82	10.5	89-107				squirrel (human subject)
54_18	54	120	16.9	0.0-16.9	29/128	6.4	79-111				squirrel (human subject)
55_13	55	120	81.1	0.0-81.1	35/170	15.3	63-109	loose			insect/praying mantis (human subject)
55_15	55	120	80.8	0.0-80.3	25/140	28.7	73-138	inverted			roadrunner (human subject)
55_16	55	120	50.7	0.0-50.7	18/123	2.7	57-62				panda (human subject)
55_21	55	120	29.2	0.0-29.2	26/113	13.1	96-114				pterosaur (human subject)
62_01	62	60	18.0	0.0-18.0	13/68	1.6	104-106				bolt loosening, wrench
62_02	62	60	17.3	0.0-17.3	13/71	1.5	103-106				bolt tightening, wrench
62_04	62	60	22.5	0.0-22.5	16/65	1.9	103-107				screwing
62_05	62	60	19.3	0.0-19.3	16/63	2.7	102-106				screwing
62_06	62	60	44.2	0.0-44.2	16/68	2.1	103-106				unscrewing
62_16	62	60	10.5	0.0-10.5	14/70	0.3	104-106				closing umbrella
62_21	62	60	57.5	0.0-57.5	12/66	2.6	104-107				coiling a rope
62_23	62	60	15.9	0.5-15.9	17/79	1.7	102-106				bolt tightening
62_25	62	60	22.1	0.0-22.1	23/156	1.0	105-111	inverted			bolt loosening, wrench
63_01	63	120	3.7	1.1-3.7	18/79	0.6	103-105				Swing
64_01	64	120	3.7	1.1-3.7	18/79	0.6	103-105				Swing
64_02	64	120	4.1	1.4-4.1	19/73	0.6	102-106				Swing
64_03	64	120	3.7	0.7-3.7	19/100	0.7	102-105				Swing
64_04	64	120	3.4	0.8-3.4	18/82	0.6	100-105				Swing
64_05	64	120	3.2	0.5-3.2	18/74	0.7	100-106				Swing
64_06	64	120	4.4	0.6-4.4	17/92	0.8	101-106				Swing
64_07	64	120	3.1	0.7-3.1	19/85	0.7	102-105				Swing
64_08	64	120	3.0	0.5-3.0	19/83	0.6	102-105				Swing
64_09	64	120	3.8	1.1-3.8	18/82	0.7	102-105				Swing
64_10	64	120	4.7	1.4-4.7	18/86	0.7	101-105				Swing
64_16	64	120	5.2	0.3-5.2	24/107	0.9	99-105	inverted			Placing Tee
64_17	64	120	4.4	0.6-4.4	22/95	0.5	52-105				Placing Tee
64_18	64	120	4.0	0.8-4.0	24/110	0.5	59-104				Placing Tee
64_19	64	120	3.1	0.1-3.1	20/144	0.5	92-105	inverted			Placing Tee
64_20	64	120	4.9	0.3-4.9	26/90	0.5	58-105				Placing Tee
74_10	74	60	5.6	0.0-5.0	16/97	0.5	101-106				peeping
74_11	74	60	5.8	0.0-4.7	21/80	0.7	95-105				peeping
74_12	74	60	5.0	0.0-3.4	20/91	0.1	100-106	floats			thinker
74_14	74	60	7.4	0.0-7.0	19/86	2.9	104-148				slope 1
74_15	74	60	7.3	2.0-6.5	20/71	2.9	105-147				slope1
74_16	74	60	8.2	1.7-6.5	19/74	2.8	104-161	floats			slope 2
74_17	74	60	8.7	1.6-6.4	19/75	2.9	105-160	floats			slope 2
74_18	74	60	8.2	0.5-6.8	18/83	2.9	104-178	floats			slope 3
74_19	74	60	8.1	1.9-6.7	19/70	2.8	104-178	floats			slope 3
76_04	76	120	3.5	0.1-3.5	15/78	0.6	72-107				defensive guard pose
77_01	77	60	18.2	1.3-18.2	21/96	2.3	76-104				looking around
77_04	77	60	14.7	0.0-14.7	20/101	2.0	87-104				Looking around
77_05	77	60	8.5	0.0-8.5	13/72	0.4	95-97				look around with flashlight
77_08	77	60	16.8	1.1-16.8	19/112	2.5	55-106				investigating thing on ground with two hands
79_33	79	60	9.7	1.3-9.7	15/51	0.3	105-106			pick: Chug_Beer (the tavern)	chug a beer
79_50	79	60	12.2	1.2-12.2	23/123	0.6	102-106				mouse
79_51	79	60	14.2	1.2-13.4	21/76	0.6	104-107				chipmunk
79_61	79	60	18.2	1.1-18.2	21/90	0.4	104-106				cow
79_68	79	60	19.7	0.0-19.6	14/114	2.2	104-106				cold
79_75	79	60	21.5	0.0-21.0	11/63	0.5	104-105				channel surfing
79_76	79	60	20.9	1.2-20.9	13/64	0.9	102-105				driving
79_81	79	60	15.7	0.0-15.7	12/68	0.5	101-104				brushing teeth
79_84	79	60	14.6	1.1-13.6	17/80	0.3	100-102				combing hair
79_94	79	60	15.6	0.3-14.4	16/68	1.0	96-102				flexing
80_29	80	60	18.8	0.0-18.3	22/125	0.3	102-103				chugging
80_37	80	60	44.8	0.0-44.4	22/102	1.7	102-104				TV
80_38	80	60	41.1	1.6-40.3	18/95	1.9	101-103				driving
80_48	80	60	19.2	2.6-16.7	19/183	1.0	102-103				arguing
80_55	80	60	22.9	1.8-22.2	21/262	0.6	103-104				mouse
80_56	80	60	11.5	0.0-10.3	20/134	0.6	79-104				chip monk
82_01	82	120	0.1	0.0-0.1	12/35	0.0	91-91	short			Static pose
82_16	82	120	11.1	0.0-11.1	17/94	0.9	103-106				bang on high object
82_17	82	120	13.2	0.2-13.2	17/89	1.3	103-106				bang on high object
82_18	82	120	0.1	0.0-0.1	11/43	0.0	99-99	short			static pose
83_11	83	120	0.8	0.0-0.5	16/62	0.0	75-76	short			static pose
85_03	85	120	27.0	4.0-25.6	17/93	12.3	45-107				UpRightSequence
85_04	85	120	21.3	2.4-20.7	20/272	10.3	33-104	inverted			FancyFootWork
85_08	85	120	8.5	1.4-8.5	19/148	3.8	23-104	inverted	Breakdance_Helicopter		Helicopter
85_11	85	120	15.0	1.0-15.0	15/138	6.2	50-107	inverted			UpRightSequence
85_12	85	120	37.5	3.0-36.2	17/111	17.8	31-110	inverted			LongSequenceGood
85_15	85	120	11.0	2.2-10.2	24/222	4.4	19-104	inverted			90TwistsFall
90_01	90	120	6.6	2.0-5.6	19/143	2.6	10-107	inverted			bkwd summersult
90_11	90	120	1.5	0.0-1.3	15/100	4.5	85-116	inverted			hand spring
90_17	90	120	5.0	1.8-4.6	15/69	2.3	34-118	inverted floats			BannanaPeelSlip
90_29	90	120	12.3	0.6-12.3	18/133	9.5	46-145	inverted			sequesnce
91_07	91	120	21.5	0.0-21.5	16/92	13.2	100-106				mummy8
91_37	91	120	2.6	0.2-2.6	19/90	0.6	85-139				Forward
91_38	91	120	3.8	0.3-2.4	17/75	0.5	89-137				SmallForward
91_58	91	120	4.1	1.2-3.7	20/100	0.5	89-135				270
93_02	93	120	12.4	0.0-12.4	19/96	3.5	45-105				rangeOfMotion
93_06	93	120	3.3	0.0-3.3	18/80	2.9	92-103				lindyHop2
102_03	102	120	1.3	0.0-1.3	17/147	2.7	82-95				SuperTightLeft
102_04	102	120	1.4	0.0-1.4	19/95	2.8	86-101				SuperTightRight
102_11	102	120	1.4	0.0-1.4	20/73	3.6	85-99				OffensiveMoveSpinLeft
102_12	102	120	1.4	0.0-1.4	15/69	4.4	78-98				OffensiveMoveSpinLeft
102_13	102	120	1.3	0.0-1.3	18/97	4.2	85-102				OffensiveMoveGoRight
102_14	102	120	1.6	0.0-1.6	17/91	4.8	82-100				OffensiveMoveGoLeft
102_15	102	120	1.5	0.0-1.5	18/99	3.9	82-101				OffensiveMoveSpinRight
102_18	102	120	1.9	0.0-1.9	22/111	4.4	84-104				FeintLeftMoveRight
102_19	102	120	1.9	0.0-1.9	17/78	4.6	87-102				FeintRightMoveLeft
102_20	102	120	5.0	1.4-5.0	19/94	5.1	77-102				FakeShotBreakRight
102_21	102	120	4.3	0.4-4.3	18/97	4.6	81-102				FakeShotBreakLeft
102_26	102	120	3.7	0.0-3.7	20/89	5.7	75-102				DefensiveMoveZigZag
102_27	102	120	1.4	0.0-1.4	23/87	3.1	77-97				DefensiveMoveSideToSide
102_28	102	120	5.9	0.0-5.9	23/99	9.0	69-102				DefensiveMoveSideToSide
102_29	102	120	6.6	0.1-6.6	22/137	4.3	79-107				Pivoting
102_31	102	120	1.9	0.0-1.9	20/94	4.9	84-99				RightDrive (left then right)
102_32	102	120	2.5	0.3-2.5	17/88	5.1	83-101				LeftDrive (right then left)
103_02	103	120	12.4	0.0-12.4	19/96	3.5	45-105				rangeOfMotion_01
103_06	103	120	3.3	0.0-3.3	18/80	2.9	92-103				lindyHop2
105_07	105	120	21.5	0.0-21.5	16/92	13.2	100-106				mummy8
105_37	105	120	2.6	0.2-2.6	19/90	0.6	85-139				Forward
105_38	105	120	3.8	0.3-2.4	17/75	0.5	89-137				SmallForward
105_58	105	120	4.1	1.2-3.7	20/100	0.5	89-135				270
106_21	106	120	2.3	0.3-1.7	11/57	0.1	102-105				bad AMC
111_12	111	120	13.5	0.0-11.3	28/157	1.4	5-106				Lay down
111_20	111	120	8.8	0.0-8.8	19/187	1.9	101-108	inverted			Ring around the rosie
113_14	113	120	8.4	0.0-8.4	27/183	4.8	10-106				Ring around the rosie
123_01	123	120	6.0	0.4-6.0	16/78	3.2	103-108				15.5 lbs
123_02	123	120	6.3	1.2-6.3	16/85	3.7	102-107				15.5 lbs
123_03	123	120	15.4	0.0-15.4	14/91	1.2	106-108				19.5lb
123_04	123	120	13.9	0.0-13.9	20/103	1.2	106-109				19.5 lbs
123_05	123	120	7.5	0.0-7.5	18/90	3.7	103-108				19.5 lbs
123_06	123	120	7.0	0.0-7.0	17/87	3.3	103-108				19.5 lbs
123_07	123	120	13.0	0.0-13.0	15/80	0.8	104-107				12.5lb
123_08	123	120	7.1	1.3-7.1	19/87	3.8	103-108				12.5 lbs
123_09	123	120	7.0	0.6-7.0	21/97	4.1	98-108				12.5 lbs
123_10	123	120	6.7	0.9-6.7	22/90	3.9	103-108				12.5lb
123_11	123	120	5.2	1.2-5.2	16/85	3.0	104-107				15.5 lbs
123_12	123	120	6.6	1.3-6.6	17/84	3.8	102-108				15.5 lbs
123_13	123	120	5.6	0.0-5.6	18/80	2.6	104-107				15.5 lbs
124_12	124	120	12.4	0.3-12.4	18/92	1.3	99-105				Underhand Toss
124_13	124	120	7.2	1.2-7.2	19/109	2.8	88-102				Underhand Fast Pitch
125_01	125	120	35.5	0.3-35.5	20/115	7.3	56-104	floats		pick: Breaststroke_Loop (swimming)	Breast Stroke
125_02	125	120	35.6	1.1-35.6	29/168	5.0	65-104	inverted			Breast Stroke
125_03	125	120	36.7	1.3-36.7	20/126	5.4	68-102	floats			Break Stroke
125_04	125	120	40.1	1.1-40.0	23/143	6.6	95-121	inverted floats			Breast Stroke
125_05	125	120	22.3	0.4-22.3	20/162	5.1	64-104	inverted floats			Butterfly
125_06	125	120	40.7	0.4-40.7	23/139	6.5	67-104	inverted floats			Free Style
126_01	126	120	21.6	0.0-21.6	59/321	1.9	54-56	inverted loose		pick: Backstroke_Loop (swimming)	Back Stroke
126_02	126	120	14.6	0.0-14.6	45/154	3.2	83-86	inverted floats loose			Back Stroke
126_03	126	120	21.5	0.0-21.5	22/170	5.0	86-101	inverted floats			Breast Stroke
126_04	126	120	13.8	0.0-13.8	16/110	1.5	55-62	inverted floats			Breast Stroke
126_05	126	120	13.0	0.0-13.0	30/143	2.3	78-87	floats			Breast Stroke
126_06	126	120	20.9	0.0-20.9	35/157	3.7	87-95	inverted floats loose			Fly Stroke
126_07	126	120	21.0	0.0-21.0	52/194	5.9	90-96	inverted floats loose			Fly Stroke
126_08	126	120	12.8	0.0-12.8	18/127	2.0	59-63	inverted floats			Fly Stroke
126_09	126	120	14.8	0.0-14.8	29/151	1.5	84-92	inverted floats			Fly Stroke
126_10	126	120	10.4	0.2-10.4	43/207	2.3	91-94	inverted floats loose			Free Style
126_11	126	120	15.2	0.0-15.2	17/96	1.4	60-61	inverted floats			Free Style
126_12	126	120	20.1	0.0-20.1	27/143	3.4	86-91	inverted floats			Free Style
134_02	134	120	2.2	0.0-2.2	13/46	4.7	89-113				Go Forward
135_01	135	120	51.0	4.5-49.3	25/121	17.9	69-103				Bassai
135_02	135	120	43.3	1.0-41.2	26/141	15.5	58-127				Empi
135_03	135	120	22.9	0.9-22.9	24/99	10.3	78-103				Empi
135_05	135	120	20.5	0.3-20.5	24/112	9.5	78-104				Gedanbarai
135_06	135	120	27.2	2.0-25.8	26/101	14.3	80-103				Heiansyodan
135_09	135	120	17.9	1.8-16.2	26/114	8.1	77-91		Stepping_Punch		Oiduki
135_10	135	120	16.7	1.4-15.2	30/108	8.0	79-92				Syutouuke
135_11	135	120	20.4	0.9-20.4	30/104	8.2	62-116	loose	Side_Kick		Yokogeri
139_01	139	120	9.1	0.5-9.1	21/99	2.3	76-104		Search_Ground		Looking Around
139_03	139	120	8.2	0.0-8.2	16/60	2.1	96-104		Looking_Around		Looking Around
139_04	139	120	7.4	0.0-7.4	20/103	1.9	87-104				Looking Around
139_25	139	120	5.5	0.0-5.5	19/88	1.8	84-104				Giving Directions
139_26	139	120	5.4	0.0-5.4	20/110	2.9	81-104				Looking Around
139_27	139	120	6.1	0.1-6.1	20/117	3.0	82-104				Looking Around
142_01	142	120	43.7	2.2-43.7	10/67	21.7	103-108				Childish
142_02	142	120	15.7	1.5-15.7	15/94	13.5	90-120				Clumsy
142_03	142	120	20.2	8.5-20.2	15/71	10.7	87-111				Clumsy
142_04	142	120	31.1	1.5-30.4	12/86	21.2	99-109				Cool
142_05	142	120	56.1	1.4-56.1	13/59	21.2	102-106				Depressed
142_06	142	120	22.0	2.0-21.8	12/71	20.9	92-112				Elated
142_07	142	120	69.9	0.8-69.9	8/60	22.6	99-106				Elderlyman
142_09	142	120	22.2	1.7-22.1	14/89	20.4	91-132				Joy
142_10	142	120	37.6	0.3-37.6	12/76	20.9	101-107				Lavish
142_12	142	120	39.2	1.9-39.2	11/54	21.0	100-108				Painfulleftknee
142_13	142	120	43.0	1.4-42.8	13/76	20.7	103-107				Relaxed
142_14	142	120	13.9	1.4-13.4	11/60	19.4	94-106				Rushed
142_18	142	120	40.8	1.2-40.8	17/76	20.9	99-106				Sexy
142_19	142	120	37.4	0.0-37.4	13/58	21.2	101-107				Shy
143_29	143	120	9.0	0.6-8.8	10/50	8.5	99-102				Pacing
143_36	143	120	6.3	0.2-5.7	12/66	13.6	93-103				Airplane
144_03	144	120	37.3	0.7-36.9	11/71	26.4	101-106				Figure8s
144_04	144	120	32.3	0.8-32.3	11/74	22.4	100-106				Figure8s001
144_30	144	120	41.3	0.5-41.3	30/164	4.8	22-108	inverted			Sun Salutation
144_31	144	120	40.3	0.8-40.3	30/160	5.1	21-104	inverted			Sun Salutation001
144_32	144	120	43.3	0.0-43.3	29/171	5.0	21-105	inverted			Sun Salutation002
