# The CMU ledger's takes in category "sports" (categories.tsv says why; README.md explains the columns).
id	subject	fps	sec	active	fit	travel	hips	flags	used	note	desc
06_02	6	120	6.0	0.3-5.5	24/77	5.0	100-106				basketball - forward dribble
06_03	6	120	4.4	0.0-4.4	24/80	4.2	100-105				basketball - forward dribble
06_04	6	120	3.3	0.0-3.3	20/65	4.5	99-104				basketball - forward dribble
06_05	6	120	3.2	0.0-3.2	22/74	3.9	101-105				basketball - forward dribble
06_06	6	120	3.3	0.0-3.3	26/80	4.0	95-104				basketball - backward dribble
06_07	6	120	4.8	0.7-4.8	26/103	4.6	97-106				basketball - backward dribble
06_08	6	120	2.8	0.0-2.8	22/67	3.3	96-108				basketball - sideways dribble
06_09	6	120	2.5	0.0-2.5	22/68	3.5	95-107				basketball - sideways dribble
06_10	6	120	9.3	0.0-9.3	24/71	4.3	93-103				basketball - forward dribble, 90-degree left turns
06_11	6	120	9.5	0.0-9.5	24/82	4.9	99-104				basketball - forward dribble, 90-degree right turns
06_12	6	120	10.2	0.0-10.2	24/74	4.9	99-105				basketball - forward dribble, 90-degree right turns, crossover dribble
06_13	6	120	40.9	0.2-40.9	22/145	43.9	80-105				basketball - low, fast free style dribble, dribble through legs
06_14	6	120	4.0	0.0-4.0	27/109	1.6	92-112				basketball - crossover dribble, shoot
06_15	6	120	4.5	0.1-4.5	26/94	1.2	87-125				basketball - dribble, shoot
22_22	22	120	1.5	0.0-1.5	15/48	1.1	102-106				walk; B catches keys thrown by A (2 subjects - subject A)
22_23	22	120	1.8	0.0-1.8	19/76	1.6	100-105				walk; A catches keys thrown by B (2 subjects - subject A)
22_24	22	120	1.8	0.0-1.8	16/52	1.7	101-106				walk; B catches wallet thrown by A (2 subjects - subject A)
22_25	22	120	1.5	0.0-1.5	19/64	1.5	97-104				walk; A catches wallet thrown by B (2 subjects - subject A)
23_22	23	120	1.5	0.0-1.5	10/48	1.3	102-106				walk; B catches keys thrown by A (2 subjects - subject B)
23_23	23	120	1.8	0.0-1.8	11/65	1.9	104-109				walk; A catches keys thrown by B (2 subjects - subject B)
23_24	23	120	1.8	0.0-1.8	12/68	1.9	98-107				walk; B catches wallet thrown by A (2 subjects - subject B)
23_25	23	120	1.5	0.0-1.5	11/67	1.4	103-107				walk; A catches wallet thrown by B (2 subjects - subject B)
26_02	26	120	50.5	1.5-50.5	12/83	1.5	105-105				basketball signals
27_02	27	120	29.7	0.6-29.7	12/77	0.5	104-104				basketball signals
27_06	27	120	23.9	0.2-23.9	14/89	0.4	104-104				basketball signals
28_01	28	120	26.7	0.2-26.4	11/74	0.6	0-105				basketball signals
28_05	28	120	27.0	0.8-26.8	12/58	0.6	105-106				basketball signals
29_02	29	120	26.0	0.8-24.5	9/47	0.8	101-104				basketball signals
29_07	29	120	26.2	0.0-25.5	9/43	0.8	99-104				basketball signals
30_01	30	120	26.9	0.0-25.5	12/69	0.6	105-106				basketball signals
30_07	30	120	26.3	1.5-25.0	14/75	0.5	105-106				basketball signals
31_01	31	120	33.0	0.0-33.0	7/48	0.8	106-106				basketball signals
31_05	31	120	26.5	0.0-26.5	8/45	0.7	106-106				basketball signals
32_03	32	120	27.0	0.0-27.0	18/69	0.7	104-105				basketball signals
32_07	32	120	26.0	0.0-25.8	21/87	0.6	102-105				basketball signals
33_01	33	60	45.1	0.1-45.1	16/172	10.4	83-104				football - throw, catch (2 subjects - subject A)
34_01	34	60	45.1	0.0-45.1	18/180	5.1	85-107				football - throw, catch (2 subjects - subject B)
40_12	40	120	70.3	2.4-70.3	14/94	2.4	100-102				basketball signals
41_10	41	120	32.6	2.8-32.6	16/82	1.0	104-106				basketball signals
41_11	41	120	26.3	2.2-26.3	15/86	1.0	103-106				basketball signals
55_20	55	120	38.3	0.0-38.3	26/116	7.3	80-123				hippo ballerina (human subject)
64_21	64	120	3.6	0.8-3.6	21/102	0.5	93-105	inverted			Placing Ball
64_22	64	120	4.4	0.0-4.4	19/88	1.0	96-105	inverted			Placing Ball
64_23	64	120	4.3	0.5-4.3	23/110	1.0	94-105	inverted			Placing Ball
64_24	64	120	4.8	0.0-4.8	19/93	0.9	90-105	inverted			Placing Ball
64_25	64	120	5.1	0.6-5.1	19/89	0.8	92-106	inverted			Placing Ball
64_26	64	120	4.7	0.0-4.7	19/85	0.9	99-104	inverted			Picking up Ball
64_27	64	120	4.7	0.9-4.7	20/83	0.8	97-105	inverted			Picking up Ball
64_28	64	120	4.3	0.6-4.3	22/88	0.8	101-104	inverted			Picking up Ball
64_29	64	120	4.8	0.8-4.8	19/85	0.9	99-104	inverted			Picking up Ball
64_30	64	120	5.1	1.2-5.1	19/89	0.8	97-105	inverted			Picking up Ball
79_02	79	60	12.9	1.6-12.3	22/105	0.6	104-106				swimming
79_03	79	60	14.0	2.3-13.6	23/129	0.8	102-107				swimming
79_28	79	60	6.8	1.5-6.0	15/72	0.1	104-105				putting on a ball cap
79_86	79	60	11.3	1.6-10.5	16/69	0.5	100-102				shooting bow and arrow
79_91	79	60	8.3	1.1-7.8	17/106	0.6	94-103				football
79_92	79	60	10.6	1.4-9.8	15/75	0.9	97-102				frisbee
79_95	79	60	15.7	1.0-15.0	15/100	1.3	98-102				rowing
79_96	79	60	9.3	1.5-8.7	16/67	0.2	101-102				shooting a gun
80_03	80	60	11.0	1.4-10.5	20/96	0.7	102-105			pick: Shoot_Gun (a gunner)	shooting a gun
80_72	80	60	18.1	0.0-18.1	23/99	1.3	102-105				swimming
86_14	86	120	50.5	0.0-50.5	20/97	26.6	87-137				bouncing basketball, shooting basketball, dribble basketball, two handed dribble
90_24	90	120	6.5	1.8-6.0	12/87	2.1	95-163				ball mount
90_25	90	120	10.5	0.1-10.5	11/86	4.2	86-164	floats			fwd ball walk
90_26	90	120	11.9	0.0-11.9	11/78	4.0	160-164	floats			fwd ball walk
90_27	90	120	10.2	0.0-10.2	12/80	4.1	156-165	floats			bwk ball walk
111_33	111	120	17.2	0.0-17.2	18/115	3.3	99-107				Throwing
113_24	113	120	9.2	0.4-9.2	18/137	2.2	102-108				Throw
124_01	124	120	5.4	1.1-5.4	17/135	2.4	80-100				Baseball Pitch
124_02	124	120	11.0	1.0-11.0	17/116	4.5	85-105				Baseball Pitch
124_03	124	120	8.0	0.0-8.0	17/105	2.1	86-110				Basketball Shoot
124_04	124	120	6.0	0.1-6.0	19/85	0.7	90-112				Basketball Free Throw
124_06	124	120	5.8	0.6-5.8	20/99	5.0	82-163				Basketball Lay Up
124_07	124	120	10.8	0.0-10.8	17/118	2.4	94-101				Baseball Swing
124_08	124	120	6.5	0.0-6.5	17/113	1.3	89-103				Baseball Bunt
124_09	124	120	20.5	0.0-20.5	17/123	2.4	89-105				Frisbee
141_10	141	120	4.2	0.0-4.1	14/68	1.6	94-106				Toss and Catch
141_11	141	120	5.7	0.0-5.3	15/95	3.4	85-106			pick: Throw_Catch (a thrown item)	Throw and Catch
141_28	141	120	3.0	0.0-3.0	18/87	1.6	98-104				Slap Hands, Throw it Back
143_20	143	120	5.4	0.0-5.4	11/50	2.5	83-103				Catch And Throw
143_22	143	120	9.1	0.8-9.1	10/72	6.7	70-101				Catch And Throw Football
