# The CMU ledger's subjects: each one's description on the site's motion list, given once here (README.md).
subject	takes	about
1	14	climb, swing, hang on playground equipment
2	10	various expressions and human behaviors
3	4	walk on uneven terrain
5	20	modern dance
6	15	dribble, shoot basketball
7	12	walk
8	11	walk
9	12	run
10	6	kick soccer ball
11	1	kick soccer ball
12	4	tai chi, walk
13	42	various everyday behaviors
14	37	various everyday behaviors
15	14	various everyday behaviors, dance moves
16	58	run, jump, walk
17	10	different walking styles
18	15	human interaction and communication (2 subjects - subject A
19	15	human interaction and communication (2 subjects - subject B
20	13	human interaction - at play, formations (2 subjects - subject A
21	13	human interaction - at play, formations (2 subjects - subject B
22	25	human interaction (2 subjects - subject A
23	25	human interaction (2 subjects - subject B
24	1	nursery rhymes
25	1	nursery rhymes
26	11	nursery rhymes, basketball, bending
27	11	recreation, nursery rhymes
28	19	recreation, nursery rhymes, animal behaviors (pantomime - human subject
29	25	recreation, nursery rhymes, animal behaviors (pantomime - human subject
30	23	recreation, nursery rhymes, animal behaviors (pantomime - human subject
31	21	recreation, nursery rhymes, animal behaviors (pantomime - human subject
32	22	recreation, nursery rhymes, animal behaviors (pantomime - human subject
33	2	throw and catch football (2 subjects - subject A
34	2	throw and catch football (2 subjects - subject B
35	34	walk, run
36	37	walk on uneven terrain
37	1	walk
38	4	walk, run
39	14	climb, swing, hang on playground equipment
40	11	navigate from corner to corner, interact with stepstool
41	10	navigate from corner to corner, interact with stepstool
42	1	stretch
43	3	swing on playground equipment
45	1	walk
46	1	walk
47	1	walk
49	22	modern dance, gymnastics
54	27	animal behaviors (pantomime - human subject
55	28	animal behaviors (pantomime - human subject
56	8	vignettes - locomotion, upper-body motions (focus: motion transitions
60	15	salsa
61	15	salsa
62	25	construction work, random motions
63	30	golf
64	30	golf
69	75	walking
70	13	suitcase
73	13
74	20	kicks and walking on slopes
75	20	jumps; hopscotch; sits
76	11	avoidance
77	34	careful actions
78	35	walking
79	96	actor everyday activities
80	73	assorted motions
81	18	pushing a box; jumping off a ledge; walks
82	18	jumping; pushing; emotional walks
83	68	steps
84	20
85	15	jumps; flips; breakdance
86	15	sports and various activities
87	5	acrobatics
88	11	acrobatics
89	6	acrobatics
90	36	cartwheels; acrobatics; dances
91	62	walks and turns
93	8	Charleston Dance
94	16	indian dance
102	33	Basketball
103	8	Charelston Dancing
104	57	motion
105	62	motion
106	34	Female General Subject
107	14	Walking with obstacles 1
108	28	Walking with obstacles 2
111	41	Pregnant Woman
113	29	Post pregnant woman
114	16	Pregnant Woman
115	10	Bending over
117	15
118	32	Jumping
120	22	Various Style Walks
121	36
122	68	Varying Height and Length Steps
123	13	Carry Suitcase with Varying Weights
124	13	Sports Related Motions
125	7	Swimming
126	14	Swimming 2
127	38	Action Adventure Obstacles, running, jumping, ducking, rolling
128	11	Action Adventure Motions running, ducking, rolling, stopping
131	14	Michael Jackson Styled Motions
132	56	Varying Weird Walks
133	26	Baby Styled Walk
134	15	Skateboard Motions
135	11	Martial Arts Walks
136	33	Weird Walks
137	42	Stylized Motions
138	55	Marching, Walking and Talking
139	34	Action Walks, sneaking, wounded, looking around
140	9	Getting Up From Ground
141	34	General Subject Capture
142	22	Stylized Walks
143	42	General Subject Capture
144	34	punching female
