# The CMU ledger's takes in category "undescribed" (categories.tsv says why; README.md explains the columns).
id	subject	fps	sec	active	fit	travel	hips	flags	used	note	desc
63_02	63	120	4.1	1.4-4.1	19/73	0.6	102-106	fps?
63_03	63	120	3.7	0.7-3.7	19/100	0.7	102-105	fps?
63_04	63	120	3.4	0.8-3.4	18/82	0.6	100-105	fps?
63_05	63	120	3.2	0.5-3.2	18/74	0.7	100-106	fps?
63_06	63	120	4.4	0.6-4.4	17/92	0.8	101-106	fps?
63_07	63	120	3.1	0.7-3.1	19/85	0.7	102-105	fps?
63_08	63	120	3.0	0.5-3.0	19/83	0.6	102-105	fps?
63_09	63	120	3.8	1.1-3.8	18/82	0.7	102-105	fps?
63_10	63	120	4.7	1.4-4.7	18/86	0.7	101-105	fps?
63_11	63	120	4.9	0.0-4.0	16/81	0.1	104-105	fps?
63_12	63	120	4.2	0.7-4.2	13/57	0.1	103-105	fps?
63_13	63	120	3.6	0.7-2.8	14/70	0.1	103-105	fps?
63_14	63	120	4.7	0.2-4.5	13/49	0.1	101-105	fps?
63_15	63	120	3.5	0.0-2.5	13/47	0.0	103-104	fps?
63_16	63	120	5.2	0.3-5.2	24/107	0.9	99-105	fps? inverted
63_17	63	120	4.4	0.6-4.4	22/95	0.5	52-105	fps?
63_18	63	120	4.0	0.8-4.0	24/110	0.5	59-104	fps?
63_19	63	120	3.1	0.1-3.1	20/144	0.5	92-105	fps? inverted
63_20	63	120	4.9	0.3-4.9	26/90	0.5	58-105	fps?
63_21	63	120	3.6	0.8-3.6	21/102	0.5	93-105	fps? inverted
63_22	63	120	4.4	0.0-4.4	19/88	1.0	96-105	fps? inverted
63_23	63	120	4.3	0.5-4.3	23/110	1.0	94-105	fps? inverted
63_24	63	120	4.8	0.0-4.8	19/93	0.9	90-105	fps? inverted
63_25	63	120	5.1	0.6-5.1	19/89	0.8	92-106	fps? inverted
63_26	63	120	4.7	0.0-4.7	19/85	0.9	99-104	fps? inverted
63_27	63	120	4.7	0.9-4.7	20/83	0.8	97-105	fps? inverted
63_28	63	120	4.3	0.6-4.3	22/88	0.8	101-104	fps? inverted
63_29	63	120	4.8	0.8-4.8	19/85	0.9	99-104	fps? inverted
63_30	63	120	5.1	1.2-5.1	19/89	0.8	97-105	fps? inverted
73_01	73	120	6.0	0.4-6.0	16/78	3.2	103-108	fps?
73_02	73	120	6.3	1.2-6.3	16/85	3.7	102-107	fps?
73_03	73	120	15.4	0.0-15.4	14/91	1.2	106-108	fps?
73_04	73	120	13.9	0.0-13.9	20/103	1.2	106-109	fps?
73_05	73	120	7.5	0.0-7.5	18/90	3.7	103-108	fps?
73_06	73	120	7.0	0.0-7.0	17/87	3.3	103-108	fps?
73_07	73	120	13.0	0.0-13.0	15/80	0.8	104-107	fps?
73_08	73	120	7.1	1.3-7.1	19/87	3.8	103-108	fps?
73_09	73	120	7.0	0.6-7.0	21/97	4.1	98-108	fps?
73_10	73	120	6.7	0.9-6.7	22/90	3.9	103-108	fps?
73_11	73	120	5.2	1.2-5.2	16/85	3.0	104-107	fps?
73_12	73	120	6.6	1.3-6.6	17/84	3.8	102-108	fps?
73_13	73	120	5.6	0.0-5.6	18/80	2.6	104-107	fps?
74_09	74	60	3.3	0.0-2.0	16/96	0.1	80-81
76_07	76	120	0.2	0.0-0.2	10/32	0.0	99-99	short
80_39	80	60	30.4	1.0-30.4	23/121	0.9	102-104
80_47	80	60	16.7	1.7-15.7	22/355	1.0	102-105
80_60	80	60	34.3	0.0-33.6	28/109	2.3	100-104
80_66	80	60	34.5	0.0-32.9	21/117	0.9	102-104	inverted
80_67	80	60	35.9	0.0-35.9	26/188	2.6	109-110
80_68	80	60	46.2	0.0-44.6	18/99	0.6	102-104
81_16	81	120	0.1	0.0-0.1	9/29	0.0	97-97	short
84_01	84	120	3.9	0.0-3.9	22/75	3.5	105-112	fps?
84_02	84	120	2.2	0.2-2.2	16/59	3.2	102-110	fps?
84_03	84	120	3.3	1.0-3.3	19/72	1.8	101-111	fps?
84_04	84	120	2.6	0.5-2.5	18/73	2.4	97-117	fps?
84_05	84	120	2.7	0.7-2.1	18/74	0.8	99-107	fps?
84_06	84	120	2.7	0.7-2.0	21/82	1.1	99-109	fps?
84_07	84	120	2.6	0.0-2.1	27/93	0.4	60-111	fps?
84_08	84	120	1.4	0.0-1.4	29/72	0.4	53-110	fps?
84_09	84	120	1.7	0.0-1.2	17/96	0.0	80-81	fps?
84_10	84	120	2.8	0.0-2.6	17/81	0.5	101-106	fps?
84_11	84	120	2.9	0.0-2.5	21/79	0.7	95-105	fps?
84_12	84	120	2.5	0.0-1.8	20/87	0.1	100-105	fps? floats
84_13	84	120	21.0	0.0-20.6	18/89	4.5	41-108	fps?
84_14	84	120	3.7	0.0-3.4	19/86	2.9	104-148	fps?
84_15	84	120	3.7	0.9-3.4	20/70	2.9	105-147	fps?
84_16	84	120	4.1	0.8-3.3	18/70	2.7	104-161	fps? floats
84_17	84	120	4.3	0.7-3.3	19/75	2.9	105-160	fps? floats
84_18	84	120	4.1	0.1-3.5	18/82	2.9	104-178	fps? floats
84_19	84	120	4.1	0.8-3.4	19/68	2.8	104-178	fps? floats
84_20	84	120	4.8	0.0-4.8	18/66	4.7	104-111	fps?
90_10	90	120	0.0	0.0-0.0	10/27	0.0	85-85	short
94_01	94	120	30.0	0.8-30.0	16/109	19.5	81-113
94_02	94	120	27.8	0.7-27.8	14/115	15.5	88-115
94_03	94	120	31.1	1.1-31.1	16/104	11.3	88-116
94_04	94	120	26.2	0.9-26.2	17/137	15.2	84-108
94_05	94	120	43.9	1.3-43.9	15/101	19.8	85-118
94_06	94	120	20.9	0.4-20.9	13/74	8.1	89-110
94_07	94	120	19.3	0.0-19.3	23/175	6.3	40-106
94_08	94	120	22.9	0.5-22.9	17/96	9.2	86-104
94_09	94	120	33.1	0.8-33.1	14/77	7.8	83-104
94_10	94	120	28.8	0.0-28.8	18/162	10.6	83-106
94_11	94	120	40.1	0.7-40.1	14/76	21.5	87-113
94_12	94	120	37.5	0.7-37.5	15/87	19.8	85-114
94_13	94	120	16.6	0.0-16.6	18/108	3.9	83-106
94_14	94	120	25.0	1.0-25.0	16/104	10.4	82-120
94_15	94	120	18.4	1.5-18.4	15/85	20.5	84-112
94_16	94	120	16.9	0.8-15.4	16/124	2.3	69-108
103_01	103	120	0.2	0.0-0.2	15/38	0.0	93-93	short
104_05	104	120	4.1	0.1-3.8	16/75	4.6	96-105
104_07	104	120	19.2	0.0-19.2	22/87	2.5	102-105
104_15	104	120	1.7	1.5-1.7	12/57	0.0	94-94
104_20	104	120	5.8	0.1-5.2	16/115	4.6	96-105
104_21	104	120	6.6	0.0-6.6	16/99	6.2	0-105
104_23	104	120	15.3	0.0-15.1	15/122	12.3	98-105
104_24	104	120	15.8	0.0-15.3	15/110	12.6	98-105
104_25	104	120	20.4	0.0-20.2	14/107	15.7	99-105
104_26	104	120	9.2	0.2-8.0	20/105	1.1	47-111
104_31	104	120	10.7	0.0-10.5	16/102	11.7	93-105
104_33	104	120	12.4	0.0-11.9	15/102	13.6	92-105
104_34	104	120	9.3	0.0-8.6	18/90	4.6	99-105
104_38	104	120	22.2	0.0-20.9	17/96	15.0	0-105
104_40	104	120	25.3	0.0-24.4	16/99	15.4	99-104
104_47	104	120	14.1	0.0-13.7	17/106	5.2	100-106
104_49	104	120	22.7	0.2-22.4	15/85	14.0	98-106
104_50	104	120	26.7	0.2-25.9	15/83	15.7	97-108
104_51	104	120	11.5	0.0-11.5	17/103	4.6	98-106
104_52	104	120	22.6	0.0-22.2	15/102	13.3	97-107
106_15	106	120	9.7	0.0-9.2	23/173	2.1	62-109
107_01	107	120	4.4	0.0-4.4	24/120	3.2	103-108
107_02	107	120	5.7	0.0-5.7	24/113	4.5	102-109
107_03	107	120	4.3	0.0-3.9	21/107	3.4	102-106
107_04	107	120	3.6	0.0-3.5	21/110	3.0	102-106
107_05	107	120	3.6	0.7-3.5	21/111	3.1	103-106
107_06	107	120	3.1	0.0-3.0	21/111	3.5	102-106
107_07	107	120	4.3	0.8-4.0	19/118	4.4	81-141
107_08	107	120	6.9	0.0-6.7	18/112	4.9	44-107
107_09	107	120	5.2	0.5-5.0	18/117	3.6	99-113
107_10	107	120	4.7	0.0-4.7	20/112	3.3	103-125
107_11	107	120	5.0	0.3-4.8	20/145	3.4	90-108
107_12	107	120	2.1	0.0-2.1	20/114	1.2	103-105
107_13	107	120	1.8	0.1-1.6	22/105	1.2	103-106
107_14	107	120	3.7	0.3-3.3	21/109	2.8	103-106
108_01	108	120	6.0	0.0-5.0	17/96	2.6	107-110
108_02	108	120	9.5	0.0-9.5	19/95	3.1	107-112
108_03	108	120	10.2	0.7-10.2	18/100	3.0	107-110
108_04	108	120	1.5	0.0-1.5	20/127	4.1	105-116
108_05	108	120	1.5	0.0-1.5	15/88	3.2	105-116
108_06	108	120	1.6	0.0-1.6	15/117	3.6	105-117
108_07	108	120	1.9	0.0-1.9	13/66	3.6	101-118
108_08	108	120	1.9	0.0-1.9	14/93	3.8	103-117
108_09	108	120	2.1	0.0-2.1	16/82	3.6	102-119
108_10	108	120	2.0	0.0-2.0	16/76	3.3	104-117
108_11	108	120	2.0	0.0-2.0	16/79	3.3	106-118
108_12	108	120	1.1	0.0-1.1	13/53	2.9	105-116
108_13	108	120	1.3	0.0-1.3	14/75	3.1	99-116
108_14	108	120	1.5	0.0-1.5	16/108	3.4	102-119
108_15	108	120	3.0	0.0-3.0	14/90	3.9	85-147
108_16	108	120	2.9	0.0-2.9	14/95	3.8	85-148
108_17	108	120	1.9	0.0-1.9	13/89	3.7	99-125
108_18	108	120	2.0	0.0-2.0	13/80	3.6	89-121
108_19	108	120	2.1	0.0-2.1	15/77	3.9	97-139
108_20	108	120	2.3	0.0-2.3	14/122	3.7	100-141
108_21	108	120	4.1	0.0-4.1	15/118	4.2	98-118
108_22	108	120	3.8	0.0-3.8	15/114	4.0	98-115
108_23	108	120	5.5	0.0-5.5	15/115	4.3	49-112
108_24	108	120	4.4	0.0-4.4	16/113	3.9	44-113
108_25	108	120	5.1	0.0-5.1	30/149	4.2	46-113
108_26	108	120	4.6	0.0-4.6	18/133	4.3	43-114
108_27	108	120	3.5	0.0-3.5	16/98	3.4	97-114
108_28	108	120	3.0	0.0-3.0	17/106	3.2	92-112
117_01	117	120	8.3	1.9-7.9	17/79	4.7	71-148	fps? inverted
117_02	117	120	6.7	1.5-6.4	17/99	3.7	45-148	fps? inverted
117_03	117	120	27.0	4.0-25.6	17/93	12.3	45-107	fps?
117_04	117	120	21.3	2.4-20.7	20/272	10.3	33-104	fps? inverted
117_05	117	120	13.6	1.3-12.3	20/120	3.6	40-121	fps? inverted
117_06	117	120	7.9	1.8-7.9	17/100	3.4	19-123	fps? inverted
117_07	117	120	8.0	0.3-6.7	16/113	3.6	26-125	fps? inverted
117_08	117	120	8.5	1.4-8.5	19/148	3.8	23-104	fps? inverted
117_09	117	120	2.1	1.9-2.1	10/37	0.0	86-87	fps?
117_10	117	120	6.4	0.0-5.9	23/172	2.6	35-110	fps? inverted
117_11	117	120	15.0	1.0-15.0	15/138	6.2	50-107	fps? inverted
117_12	117	120	37.5	3.0-36.2	17/111	17.8	31-110	fps? inverted
117_13	117	120	12.0	1.2-11.1	19/109	5.8	38-103	fps? inverted
117_14	117	120	24.7	0.6-23.2	17/112	12.7	30-111	fps? inverted
117_15	117	120	11.0	2.2-10.2	24/222	4.4	19-104	fps? inverted
121_01	121	120	6.6	2.0-5.6	19/143	2.6	10-107	fps? inverted
121_02	121	120	6.5	0.0-6.5	16/90	3.6	89-107	fps? inverted
121_03	121	120	7.4	2.6-5.2	18/106	3.8	90-108	fps? inverted
121_04	121	120	5.8	2.6-5.1	18/95	3.7	91-107	fps? inverted
121_05	121	120	4.3	0.9-4.1	18/99	3.2	83-138	fps?
121_06	121	120	5.2	2.2-4.9	19/107	3.5	87-134	fps?
121_07	121	120	7.5	4.3-7.2	14/91	3.8	86-135	fps?
121_08	121	120	2.8	1.1-2.5	15/91	2.0	80-129	fps? inverted
121_09	121	120	2.5	0.6-2.4	15/122	1.5	81-150	fps? inverted
121_10	121	120	0.0	0.0-0.0	10/27	0.0	85-85	fps? short
121_11	121	120	1.5	0.0-1.3	15/100	4.5	85-116	fps? inverted
121_12	121	120	6.9	2.3-5.4	16/103	1.3	19-157	fps? inverted floats
121_13	121	120	7.7	2.3-7.7	15/100	1.6	19-153	fps? inverted floats
121_14	121	120	7.0	2.1-6.3	16/96	2.9	91-136	fps? inverted floats
121_15	121	120	9.9	3.0-9.9	14/100	2.8	89-126	fps? inverted floats
121_16	121	120	6.0	1.9-4.1	15/92	1.1	24-183	fps? floats
121_17	121	120	5.0	1.8-4.6	15/69	2.3	34-118	fps? inverted floats
121_18	121	120	3.3	0.3-1.9	24/91	0.3	18-122	fps? floats
121_19	121	120	8.7	0.1-7.2	21/198	4.6	33-115	fps? inverted
121_20	121	120	14.8	1.4-13.9	18/140	6.8	8-106	fps? inverted
121_21	121	120	11.3	0.7-10.5	20/140	6.2	11-140	fps? inverted
121_22	121	120	5.8	1.3-5.8	13/94	4.2	101-106	fps?
121_23	121	120	9.9	2.0-7.8	13/97	4.5	100-106	fps?
121_24	121	120	6.5	1.8-6.0	12/87	2.1	95-163	fps?
121_25	121	120	10.5	0.1-10.5	11/86	4.2	86-164	fps? floats
121_26	121	120	11.9	0.0-11.9	11/78	4.0	160-164	fps? floats
121_27	121	120	10.2	0.0-10.2	12/80	4.1	156-165	fps? floats
121_28	121	120	6.4	1.6-6.4	17/113	3.1	11-98	fps? inverted
121_29	121	120	12.3	0.6-12.3	18/133	9.5	46-145	fps? inverted
121_30	121	120	11.9	2.5-11.9	15/100	3.5	36-108	fps?
121_31	121	120	8.2	1.6-8.2	16/94	2.7	36-107	fps?
121_32	121	120	6.0	0.0-6.0	18/69	4.2	102-107	fps?
121_33	121	120	7.5	0.0-7.5	16/96	3.1	8-99	fps? inverted
121_34	121	120	7.0	1.9-4.7	14/96	2.6	9-109	fps? inverted
121_35	121	120	5.8	1.5-5.2	15/96	2.8	9-101	fps? inverted
121_36	121	120	5.5	2.0-5.5	16/132	2.7	10-97	fps? inverted
122_11	122	120	0.8	0.0-0.5	16/62	0.0	75-76	short
